1,2,3,4,5,6,7,8,9,10,11,12,13,14,15,16,17,18,19,20,21,22,23,24,25,26,27,28,29,30,31,32,33,34,35,36,37,38,39,40,41,42,43,44,45,46,47,48,49,50,51,52,53,54,55,56,57,58,59,60,61,62,63,64,65,66,67,68,69,70,71,72,73,74,75,76,77,78,79,80,81,82,83,84,85,86,87,88,89,90,91,92,93,94,95,96
AlarmRetrieval.xsd,ArmyNetOpsSIDExtensions.xsd,Common.xsd,Definitions.xsd,Discovery.xsd,Equipment.xsd,EquipmentInventoryMgr.xsd,Exceptions.xsd,ExtVendorExtensions.xsd,GlobalDefinitions.xsd,Header.xsd,HeaderVendorExtensions.xsd,IC-ISM-v2.xsd,Inventory.xsd,InventoryRetrieval.xsd,IteratorRequestMessages.xsd,JTFNetOpsSIDExtensions.xsd,JTFPrototypeImplementation.xsd,JTF_Redefined_SIDBusinessViewCommon.xsd,LayerRates.xsd,ManagedElement.xsd,ManagedElementMgr.xsd,ManagementDomain.xsd,MultiLayerSubnetwork.xsd,MultiLayerSubnetworkMgr.xsd,NotificationService.xsd,Notifications.xsd,OperationsSystem.xsd,OperationsSystemMgr.xsd,PGPParameters.xsd,ProbableCauses.xsd,Protection.xsd,ProtectionMgr.xsd,SIDBusinessViewCommon.xsd,SIDBusinessViewEnterprise.xsd,SIDBusinessViewMarketSales.xsd,SIDBusinessViewProduct.xsd,SIDBusinessViewResource.xsd,SIDBusinessViewService.xsd,SubnetworkConnection.xsd,TerminationPoint.xsd,TopologicalLink.xsd,TransmissionDescriptor.xsd,TransmissionDescriptorMgr.xsd,TransmissionParameters.xsd,VendorExtensions.xsd,VendorObject.xsd,anomaly_event.xsd,asset.xsd,audit_record_event.xsd,b-2-esm.xsd,bf-2.xsd,bw-2.wsdl,cce_0.1.xsd,cnd-core.xsd,cpe-dictionary_2.1.xsd,cpe-language_2.1.xsd,cve_0.1.xsd,cvss-v2_0.1.xsd,dhcp_event.xsd,disnOssWebAsIsRouterConfig-200805.v01.xsd,disninms.xsd,event.xsd,geolocation.xsd,global_enumerations.xsd,iavm.xsd,incident.xsd,incident_event-enumerations.xsd,ip_connection_endpoint.xsd,mows-2-esm.xsd,mows-2.wsdl,muws1-2-esm.xsd,muws2-2-esm.xsd,nac_event.xsd,nat_event.xsd,net_flow_event.xsd,organization.xsd,patch_0.1.xsd,person.xsd,qosm-0.6.xsd,qosmw-0.6.wsdl,r-2.xsd,rp-2-esm.xsd,rpw-2.wsdl,rw-2.wsdl,scap-core_0.1.xsd,security_marking.xsd,sig.xsd,signature_event.xsd,t-1.xsd,threat.xsd,vulnerability_0.3.xsd,ws-addr-wsdl.xsd,ws-addr.xsd,wsrf-ws_resource_metadata_descriptor-1.0-spec-pr-01.xsd,xml.xsd
1,0.864,0.804,0.766,0.773,0.74,0.623,0.76,0.884,0.78,0.714,0.868,0.817,0.754,0.546,0.634,0.854,0.995,0.965,0.786,0.759,0.676,0.777,0.753,0.714,0.687,0.738,0.756,0.571,0.748,0.734,0.753,0.633,0.924,0.943,0.957,0.955,0.952,0.948,0.74,0.781,0.758,0.75,0.505,0.797,0.848,0.775,0.99,0.897,0.99,0.866,0.856,0.858,0.884,0.89,0.835,0.829,0.921,0.875,0.995,0.608,0.784,0.94,0.986,0.975,0.887,0.924,0.995,0.867,0.904,0.941,0.932,0.922,0.913,0.98,0.99,0.985,0.906,0.966,0.995,0.95,0.864,0.859,0.861,0.863,0.861,0.995,0.938,0.981,0.859,0.926,0.852,0.995,0.977,0.87,0.839
0.864,1,0.959,0.887,0.934,0.868,0.875,0.874,0.974,0.872,0.861,0.974,0.871,0.854,0.87,0.894,0.822,0.967,0.961,0.893,0.847,0.905,0.868,0.85,0.877,0.879,0.886,0.851,0.871,0.87,0.871,0.875,0.895,0.96,0.938,0.955,0.947,0.96,0.968,0.872,0.881,0.855,0.88,0.859,0.897,0.946,0.869,0.989,0.881,1,0.914,0.888,0.906,0.867,0.919,0.869,0.832,0.867,0.876,1,0.889,0.837,0.894,0.981,0.959,0.89,0.884,0.99,0.828,0.942,0.942,0.942,0.944,0.893,0.989,1,0.99,0.88,0.972,1,0.951,0.888,0.91,0.899,0.895,0.844,1,0.956,0.981,0.896,0.891,0.864,0.979,0.975,0.903,0.873
0.804,0.959,1,0.86,0.814,0.852,0.813,0.692,0.52,0.911,0.84,0.469,0.941,0.84,0.849,0.745,0.96,0.98,0.916,0.746,0.817,0.897,0.708,0.834,0.895,0.824,0.915,0.756,0.814,0.892,0.677,0.868,0.828,0.973,0.932,0.956,0.971,0.985,0.977,0.899,0.905,0.768,0.763,0.713,0.592,0.777,0.687,1,0.96,1,0.956,0.964,0.954,0.931,0.936,0.953,0.96,0.924,0.962,1,0.733,0.781,0.949,0.969,0.964,0.95,0.971,0.982,0.94,0.946,0.883,0.98,0.96,0.926,0.98,1,0.964,0.922,0.937,0.98,0.938,0.962,0.954,0.956,0.961,0.955,0.98,0.959,0.969,0.961,0.924,0.957,0.981,0.987,0.961,0.961
0.766,0.887,0.86,1,0.873,0.783,0.812,0.804,0.895,0.826,0.764,0.891,0.847,0.841,0.747,0.827,0.886,0.995,0.968,0.842,0.787,0.836,0.837,0.813,0.84,0.822,0.837,0.819,0.822,0.838,0.813,0.83,0.818,0.935,0.967,0.963,0.961,0.942,0.957,0.809,0.841,0.815,0.82,0.801,0.845,0.892,0.841,0.995,0.908,0.995,0.878,0.887,0.879,0.904,0.91,0.856,0.859,0.924,0.891,1,0.821,0.835,0.95,0.983,0.982,0.918,0.936,1,0.881,0.932,0.956,0.958,0.937,0.937,0.995,0.995,0.987,0.923,0.965,1,0.959,0.881,0.871,0.878,0.88,0.875,1,0.971,0.991,0.876,0.945,0.887,0.996,0.975,0.885,0.877
0.773,0.934,0.814,0.873,1,0.83,0.738,0.805,0.872,0.809,0.817,0.855,0.913,0.736,0.796,0.687,0.915,0.995,0.974,0.827,0.815,0.761,0.826,0.799,0.765,0.75,0.794,0.789,0.69,0.842,0.841,0.809,0.723,0.931,0.976,0.971,0.961,0.914,0.95,0.804,0.809,0.798,0.805,0.731,0.823,0.7,0.821,0.984,0.914,0.984,0.917,0.931,0.927,0.947,0.939,0.911,0.938,0.95,0.928,0.995,0.769,0.858,0.959,0.986,0.98,0.946,0.941,0.99,0.921,0.927,0.966,0.967,0.929,0.954,0.985,0.984,0.985,0.948,0.976,0.995,0.973,0.935,0.911,0.94,0.937,0.924,0.995,0.963,0.971,0.932,0.939,0.929,0.985,0.986,0.932,0.94
0.74,0.868,0.852,0.783,0.83,1,0.742,0.783,0.867,0.655,0.802,0.856,0.815,0.748,0.745,0.793,0.829,0.985,0.94,0.798,0.518,0.791,0.571,0.599,0.77,0.766,0.753,0.553,0.777,0.759,0.765,0.641,0.76,0.915,0.961,0.932,0.919,0.902,0.93,0.643,0.688,0.558,0.604,0.76,0.788,0.836,0.591,0.995,0.847,0.995,0.869,0.865,0.867,0.898,0.874,0.789,0.817,0.91,0.87,0.995,0.807,0.807,0.933,0.972,0.971,0.857,0.916,0.995,0.853,0.913,0.972,0.934,0.91,0.907,0.99,0.995,0.971,0.895,0.953,0.995,0.961,0.848,0.859,0.861,0.853,0.861,0.99,0.945,0.982,0.859,0.906,0.845,0.981,0.974,0.858,0.853
0.623,0.875,0.813,0.812,0.738,0.742,1,0.776,0.891,0.733,0.729,0.881,0.829,0.572,0.614,0.618,0.829,0.995,0.96,0.758,0.752,0.629,0.796,0.734,0.632,0.709,0.755,0.772,0.593,0.768,0.809,0.727,0.552,0.924,0.959,0.96,0.952,0.937,0.955,0.73,0.725,0.741,0.761,0.506,0.796,0.84,0.795,1,0.871,1,0.855,0.858,0.855,0.9,0.88,0.813,0.849,0.933,0.916,1,0.639,0.831,0.928,0.987,0.982,0.892,0.926,0.991,0.835,0.907,0.932,0.942,0.924,0.925,0.986,1,0.987,0.892,0.97,0.995,0.951,0.86,0.847,0.854,0.858,0.856,0.995,0.958,0.987,0.855,0.92,0.851,0.986,0.98,0.871,0.852
0.76,0.874,0.692,0.804,0.805,0.783,0.776,1,0.752,0.846,0.777,0.704,0.884,0.809,0.797,0.749,0.898,0.99,0.94,0.727,0.773,0.856,0.688,0.769,0.85,0.778,0.852,0.727,0.796,0.847,0.694,0.805,0.801,0.961,0.968,0.951,0.954,0.953,0.963,0.833,0.852,0.717,0.742,0.718,0.707,0.806,0.7,1,0.939,1,0.919,0.915,0.912,0.876,0.912,0.904,0.879,0.895,0.91,1,0.732,0.784,0.937,0.983,0.981,0.907,0.94,1,0.903,0.958,0.938,0.967,0.951,0.908,0.99,1,0.981,0.904,0.965,1,0.938,0.9,0.909,0.91,0.907,0.875,1,0.984,0.991,0.907,0.921,0.911,0.991,0.952,0.912,0.898
0.884,0.974,0.52,0.895,0.872,0.867,0.891,0.752,1,0.924,0.874,0.289,0.956,0.887,0.896,0.832,0.976,0.975,0.933,0.788,0.847,0.941,0.743,0.856,0.937,0.874,0.936,0.787,0.886,0.918,0.73,0.894,0.9,0.98,0.936,0.952,0.969,0.988,0.983,0.92,0.927,0.806,0.809,0.83,0.671,0.788,0.71,0.974,0.971,0.974,0.975,0.971,0.975,0.936,0.952,0.976,0.963,0.929,0.974,0.976,0.809,0.784,0.941,0.943,1,0.962,0.982,1,0.944,0.966,0.982,0.967,0.97,0.93,0.95,0.973,0.957,0.912,0.904,0.949,0.944,0.965,0.964,0.972,0.969,0.959,0.974,0.985,0.963,0.972,0.928,0.954,0.953,0.97,0.964,0.973
0.78,0.872,0.911,0.826,0.809,0.655,0.733,0.846,0.924,1,0.809,0.921,0.814,0.708,0.722,0.774,0.836,0.989,0.963,0.805,0.693,0.725,0.745,0.652,0.684,0.781,0.696,0.729,0.748,0.713,0.834,0.618,0.705,0.909,0.96,0.956,0.938,0.905,0.933,0.633,0.614,0.689,0.712,0.791,0.843,0.825,0.768,0.994,0.859,0.997,0.867,0.865,0.872,0.925,0.889,0.784,0.835,0.943,0.895,0.997,0.847,0.876,0.954,0.981,0.98,0.906,0.92,0.983,0.877,0.932,0.975,0.943,0.923,0.932,0.992,0.997,0.983,0.925,0.972,0.997,0.976,0.862,0.86,0.873,0.865,0.845,0.994,0.959,0.984,0.86,0.934,0.845,0.986,0.971,0.857,0.863
0.714,0.861,0.84,0.764,0.817,0.802,0.729,0.777,0.874,0.809,1,0.865,0.824,0.806,0.729,0.775,0.803,0.987,0.949,0.8,0.77,0.785,0.811,0.793,0.775,0.747,0.792,0.782,0.744,0.786,0.819,0.778,0.743,0.907,0.953,0.94,0.924,0.918,0.933,0.78,0.807,0.778,0.78,0.725,0.817,0.851,0.796,0.987,0.862,0.991,0.865,0.872,0.871,0.898,0.889,0.844,0.852,0.908,0.894,0.996,0.768,0.84,0.93,0.979,0.983,0.898,0.894,0.996,0.813,0.879,0.939,0.931,0.882,0.906,0.987,0.991,0.974,0.908,0.953,0.991,0.917,0.875,0.855,0.878,0.879,0.852,0.991,0.95,0.97,0.855,0.905,0.834,0.982,0.959,0.857,0.858
0.868,0.974,0.469,0.891,0.855,0.856,0.881,0.704,0.289,0.921,0.865,1,0.95,0.877,0.892,0.817,0.98,1,0.948,0.759,0.834,0.936,0.72,0.851,0.932,0.864,0.934,0.758,0.882,0.911,0.69,0.89,0.891,0.984,0.959,0.961,0.976,0.988,0.987,0.914,0.921,0.789,0.793,0.814,0.62,0.771,0.713,1,0.971,1,0.978,0.984,0.982,0.95,0.958,0.976,0.97,0.944,0.974,1,0.8,0.786,0.957,0.964,1,0.97,0.988,1,0.961,0.978,0.982,0.989,0.977,0.943,0.976,1,0.979,0.927,0.926,1,0.973,0.978,0.975,0.984,0.978,0.96,1,1,0.982,0.976,0.941,0.96,0.978,0.971,0.979,0.969
0.817,0.871,0.941,0.847,0.913,0.815,0.829,0.884,0.956,0.814,0.824,0.95,1,0.847,0.804,0.891,0.826,0.994,0.967,0.877,0.808,0.833,0.869,0.814,0.811,0.837,0.807,0.845,0.855,0.816,0.883,0.83,0.843,0.92,0.966,0.947,0.937,0.927,0.941,0.805,0.82,0.847,0.86,0.858,0.904,0.938,0.869,0.987,0.871,0.987,0.847,0.837,0.853,0.92,0.873,0.774,0.823,0.932,0.87,0.994,0.894,0.885,0.931,0.981,0.964,0.897,0.885,0.987,0.847,0.914,0.978,0.935,0.914,0.926,0.99,0.99,0.981,0.908,0.978,0.997,0.97,0.847,0.844,0.853,0.851,0.835,0.984,0.956,0.975,0.846,0.931,0.861,0.994,0.973,0.848,0.84
0.754,0.854,0.84,0.841,0.736,0.748,0.572,0.809,0.887,0.708,0.806,0.877,0.847,1,0.733,0.656,0.851,0.995,0.972,0.789,0.751,0.772,0.755,0.707,0.747,0.782,0.779,0.746,0.726,0.799,0.793,0.739,0.751,0.928,0.974,0.966,0.954,0.927,0.954,0.728,0.724,0.714,0.745,0.725,0.767,0.771,0.779,0.986,0.863,0.99,0.896,0.886,0.891,0.924,0.891,0.841,0.857,0.917,0.907,1,0.808,0.836,0.953,0.987,0.982,0.897,0.938,0.991,0.866,0.918,0.969,0.94,0.922,0.94,0.991,0.995,0.982,0.912,0.969,1,0.975,0.885,0.891,0.896,0.881,0.857,0.995,0.961,0.978,0.885,0.922,0.865,0.995,0.983,0.891,0.862
0.546,0.87,0.849,0.747,0.796,0.745,0.614,0.797,0.896,0.722,0.729,0.892,0.804,0.733,1,0.655,0.852,0.992,0.966,0.776,0.751,0.697,0.789,0.738,0.678,0.744,0.751,0.784,0.595,0.784,0.809,0.737,0.665,0.916,0.955,0.956,0.943,0.932,0.942,0.713,0.742,0.761,0.758,0.599,0.824,0.853,0.796,0.992,0.889,0.992,0.846,0.853,0.853,0.903,0.882,0.812,0.823,0.936,0.892,0.996,0.667,0.848,0.939,0.985,0.985,0.896,0.932,0.996,0.873,0.906,0.947,0.936,0.921,0.932,0.989,0.992,0.981,0.905,0.967,0.989,0.958,0.858,0.848,0.859,0.865,0.864,0.992,0.964,0.985,0.851,0.932,0.85,0.992,0.972,0.861,0.839
0.634,0.894,0.745,0.827,0.687,0.793,0.618,0.749,0.832,0.774,0.775,0.817,0.891,0.656,0.655,1,0.901,1,0.966,0.758,0.766,0.743,0.743,0.738,0.732,0.775,0.838,0.776,0.597,0.82,0.759,0.781,0.624,0.942,0.954,0.96,0.958,0.945,0.959,0.78,0.799,0.704,0.738,0.551,0.758,0.704,0.74,0.993,0.914,0.993,0.911,0.909,0.91,0.899,0.914,0.906,0.904,0.928,0.925,1,0.431,0.799,0.958,0.981,0.987,0.934,0.946,0.993,0.896,0.933,0.933,0.952,0.939,0.934,0.986,0.993,0.993,0.927,0.961,1,0.953,0.917,0.904,0.911,0.916,0.887,1,0.963,0.974,0.912,0.933,0.916,0.993,0.97,0.922,0.919
0.854,0.822,0.96,0.886,0.915,0.829,0.829,0.898,0.976,0.836,0.803,0.98,0.826,0.851,0.852,0.901,1,0.973,0.923,0.904,0.818,0.853,0.871,0.845,0.847,0.846,0.817,0.833,0.863,0.827,0.893,0.812,0.855,0.907,0.945,0.929,0.921,0.915,0.933,0.818,0.838,0.851,0.852,0.879,0.912,0.948,0.863,0.982,0.856,0.977,0.857,0.836,0.863,0.902,0.889,0.816,0.822,0.913,0.864,0.991,0.902,0.875,0.93,0.975,0.974,0.864,0.847,0.969,0.856,0.915,0.962,0.911,0.889,0.906,0.991,0.991,0.983,0.921,0.988,0.991,0.964,0.834,0.841,0.857,0.842,0.856,0.996,0.959,0.979,0.849,0.926,0.827,0.987,0.959,0.843,0.852
0.995,0.967,0.98,0.995,0.995,0.985,0.995,0.99,0.975,0.989,0.987,1,0.994,0.995,0.992,1,0.973,1,0.925,0.983,0.983,0.998,0.98,0.984,0.995,1,0.993,0.984,0.991,0.99,0.989,0.988,0.996,0.989,0.959,0.991,0.979,0.99,0.989,0.994,0.994,0.985,0.985,0.993,0.972,0.993,0.968,0.933,0.991,0.933,0.997,0.995,1,0.983,0.987,0.991,0.993,0.98,0.992,0.944,0.991,0.967,0.979,0.935,1,0.982,0.972,0.957,0.991,0.994,1,0.986,0.993,0.985,0.944,0.929,0.913,0.984,0.97,0.941,0.98,0.99,0.996,1,1,0.992,0.867,0.951,0.969,0.996,0.952,0.978,0.952,0.978,0.988,1
0.965,0.961,0.916,0.968,0.974,0.94,0.96,0.94,0.933,0.963,0.949,0.948,0.967,0.972,0.966,0.966,0.923,0.925,1,0.947,0.947,0.972,0.933,0.945,0.965,0.957,0.968,0.942,0.956,0.961,0.951,0.954,0.963,0.931,0.926,0.942,0.942,0.961,0.958,0.966,0.963,0.94,0.94,0.954,0.944,0.965,0.921,0.981,0.944,0.981,0.97,0.973,0.976,0.947,0.933,0.954,0.925,0.917,0.958,0.964,0.952,0.945,0.94,0.941,0.968,0.952,0.96,0.984,0.942,0.958,0.972,0.981,0.973,0.92,0.982,0.981,0.915,0.938,0.894,0.982,0.966,0.959,0.969,0.973,0.967,0.963,0.982,0.935,0.941,0.958,0.918,0.958,0.93,0.963,0.962,0.967
0.786,0.893,0.746,0.842,0.827,0.798,0.758,0.727,0.788,0.805,0.8,0.759,0.877,0.789,0.776,0.758,0.904,0.983,0.947,1,0.763,0.814,0.712,0.722,0.818,0.816,0.845,0.725,0.782,0.828,0.703,0.78,0.787,0.954,0.971,0.96,0.953,0.958,0.959,0.806,0.796,0.701,0.711,0.736,0.667,0.823,0.708,1,0.917,1,0.914,0.898,0.91,0.883,0.914,0.865,0.847,0.915,0.907,1,0.78,0.813,0.929,0.985,0.959,0.887,0.958,0.992,0.852,0.931,0.954,0.932,0.941,0.918,0.992,1,0.976,0.878,0.962,1,0.973,0.89,0.907,0.901,0.889,0.88,0.992,0.949,0.985,0.89,0.916,0.891,0.992,0.972,0.897,0.877
0.759,0.847,0.817,0.787,0.815,0.518,0.752,0.773,0.847,0.693,0.77,0.834,0.808,0.751,0.751,0.766,0.818,0.983,0.947,0.763,1,0.787,0.462,0.513,0.775,0.774,0.771,0.505,0.741,0.784,0.734,0.645,0.755,0.909,0.947,0.949,0.941,0.919,0.93,0.658,0.68,0.52,0.539,0.749,0.751,0.813,0.528,0.989,0.842,0.989,0.882,0.878,0.875,0.884,0.858,0.815,0.843,0.903,0.878,0.994,0.779,0.788,0.923,0.974,0.967,0.865,0.919,0.995,0.831,0.916,0.968,0.941,0.909,0.905,0.989,0.989,0.973,0.87,0.952,0.994,0.961,0.86,0.87,0.877,0.862,0.846,0.989,0.949,0.968,0.865,0.914,0.846,0.983,0.975,0.863,0.851
0.676,0.905,0.897,0.836,0.761,0.791,0.629,0.856,0.941,0.725,0.785,0.936,0.833,0.772,0.697,0.743,0.853,0.998,0.972,0.814,0.787,1,0.848,0.753,0.562,0.758,0.708,0.837,0.686,0.745,0.865,0.714,0.636,0.905,0.971,0.975,0.955,0.903,0.938,0.662,0.656,0.796,0.8,0.699,0.871,0.874,0.862,1,0.9,1,0.865,0.869,0.866,0.931,0.898,0.831,0.872,0.95,0.912,0.998,0.788,0.872,0.96,0.99,0.983,0.923,0.94,0.998,0.87,0.919,0.961,0.957,0.926,0.94,0.993,1,0.99,0.924,0.981,0.998,0.967,0.875,0.858,0.872,0.876,0.889,0.998,0.964,0.988,0.871,0.942,0.87,0.99,0.984,0.87,0.863
0.777,0.868,0.708,0.837,0.826,0.571,0.796,0.688,0.743,0.745,0.811,0.72,0.869,0.755,0.789,0.743,0.871,0.98,0.933,0.712,0.462,0.848,1,0.497,0.834,0.758,0.828,0.352,0.768,0.837,0.646,0.661,0.788,0.942,0.962,0.957,0.95,0.951,0.952,0.71,0.735,0.323,0.381,0.726,0.667,0.781,0.223,1,0.882,1,0.922,0.908,0.909,0.885,0.866,0.849,0.835,0.887,0.883,1,0.734,0.752,0.92,0.965,0.963,0.877,0.935,0.991,0.879,0.935,0.957,0.924,0.932,0.885,0.99,1,0.972,0.872,0.938,1,0.97,0.892,0.909,0.907,0.891,0.846,0.99,0.925,0.983,0.892,0.882,0.855,0.981,0.969,0.899,0.899
0.753,0.85,0.834,0.813,0.799,0.599,0.734,0.769,0.856,0.652,0.793,0.851,0.814,0.707,0.738,0.738,0.845,0.984,0.945,0.722,0.513,0.753,0.497,1,0.715,0.754,0.764,0.562,0.723,0.769,0.766,0.642,0.742,0.925,0.959,0.959,0.947,0.924,0.942,0.628,0.625,0.519,0.558,0.741,0.766,0.799,0.551,0.995,0.857,0.995,0.877,0.866,0.87,0.886,0.872,0.804,0.815,0.898,0.88,0.995,0.8,0.815,0.933,0.975,0.974,0.884,0.93,0.995,0.835,0.93,0.97,0.939,0.917,0.9,0.99,0.995,0.974,0.888,0.955,0.995,0.973,0.848,0.868,0.868,0.849,0.836,0.989,0.941,0.98,0.85,0.904,0.822,0.984,0.972,0.856,0.863
0.714,0.877,0.895,0.84,0.765,0.77,0.632,0.85,0.937,0.684,0.775,0.932,0.811,0.747,0.678,0.732,0.847,0.995,0.965,0.818,0.775,0.562,0.834,0.715,1,0.772,0.717,0.812,0.657,0.758,0.868,0.722,0.659,0.893,0.968,0.968,0.948,0.902,0.938,0.67,0.616,0.77,0.791,0.692,0.868,0.864,0.84,0.997,0.886,0.997,0.856,0.871,0.866,0.924,0.894,0.813,0.845,0.939,0.906,1,0.784,0.88,0.943,0.99,0.982,0.917,0.931,0.99,0.873,0.907,0.96,0.951,0.914,0.936,0.995,1,0.988,0.923,0.978,0.997,0.964,0.87,0.86,0.873,0.872,0.877,0.997,0.971,0.98,0.863,0.928,0.856,0.992,0.976,0.872,0.865
0.687,0.879,0.824,0.822,0.75,0.766,0.709,0.778,0.874,0.781,0.747,0.864,0.837,0.782,0.744,0.775,0.846,1,0.957,0.816,0.774,0.758,0.758,0.754,0.772,1,0.75,0.748,0.726,0.787,0.787,0.765,0.71,0.92,0.952,0.949,0.938,0.949,0.948,0.763,0.784,0.745,0.747,0.684,0.799,0.779,0.756,0.995,0.876,0.995,0.823,0.863,0.823,0.885,0.868,0.812,0.83,0.922,0.879,0.985,0.768,0.822,0.931,0.981,0.97,0.88,0.907,1,0.859,0.901,0.931,0.909,0.883,0.918,0.99,0.99,0.985,0.902,0.981,0.995,0.941,0.858,0.839,0.859,0.86,0.828,1,0.959,0.986,0.841,0.913,0.838,0.98,0.95,0.85,0.84
0.738,0.886,0.915,0.837,0.794,0.753,0.755,0.852,0.936,0.696,0.792,0.934,0.807,0.779,0.751,0.838,0.817,0.993,0.968,0.845,0.771,0.708,0.828,0.764,0.717,0.75,1,0.807,0.783,0.727,0.861,0.685,0.74,0.899,0.958,0.961,0.941,0.902,0.936,0.706,0.725,0.788,0.794,0.801,0.867,0.807,0.836,0.995,0.869,0.995,0.857,0.876,0.871,0.929,0.901,0.797,0.849,0.946,0.902,0.995,0.861,0.868,0.94,0.986,0.985,0.903,0.911,0.985,0.869,0.907,0.976,0.948,0.908,0.936,0.99,0.995,0.981,0.925,0.976,0.995,0.97,0.869,0.851,0.882,0.877,0.869,0.995,0.962,0.976,0.856,0.94,0.862,0.988,0.97,0.861,0.858
0.756,0.851,0.756,0.819,0.789,0.553,0.772,0.727,0.787,0.729,0.782,0.758,0.845,0.746,0.784,0.776,0.833,0.984,0.942,0.725,0.505,0.837,0.352,0.562,0.812,0.748,0.807,1,0.744,0.813,0.669,0.658,0.774,0.94,0.96,0.951,0.941,0.938,0.943,0.721,0.74,0.446,0.443,0.696,0.688,0.816,0.341,1,0.848,1,0.906,0.9,0.899,0.901,0.873,0.817,0.835,0.911,0.873,1,0.772,0.79,0.932,0.971,0.969,0.838,0.923,0.984,0.856,0.915,0.956,0.927,0.925,0.9,0.992,1,0.969,0.875,0.94,1,0.968,0.881,0.892,0.895,0.879,0.845,0.992,0.929,0.986,0.877,0.891,0.854,0.976,0.973,0.885,0.879
0.571,0.871,0.814,0.822,0.69,0.777,0.593,0.796,0.886,0.748,0.744,0.882,0.855,0.726,0.595,0.597,0.863,0.991,0.956,0.782,0.741,0.686,0.768,0.723,0.657,0.726,0.783,0.744,1,0.783,0.79,0.761,0.604,0.916,0.948,0.963,0.955,0.934,0.946,0.757,0.77,0.732,0.753,0.462,0.817,0.828,0.771,0.991,0.874,0.991,0.878,0.876,0.874,0.905,0.887,0.832,0.838,0.929,0.906,0.991,0.629,0.837,0.937,0.978,0.987,0.904,0.92,0.987,0.853,0.91,0.933,0.93,0.931,0.917,0.986,0.991,0.973,0.893,0.956,0.991,0.947,0.879,0.869,0.876,0.883,0.857,0.991,0.953,0.978,0.876,0.933,0.862,0.982,0.975,0.88,0.868
0.748,0.87,0.892,0.838,0.842,0.759,0.768,0.847,0.918,0.713,0.786,0.911,0.816,0.799,0.784,0.82,0.827,0.99,0.961,0.828,0.784,0.745,0.837,0.769,0.758,0.787,0.727,0.813,0.783,1,0.83,0.691,0.706,0.917,0.96,0.961,0.928,0.917,0.935,0.74,0.748,0.803,0.807,0.789,0.832,0.873,0.84,0.993,0.887,0.993,0.859,0.869,0.873,0.902,0.897,0.833,0.852,0.947,0.889,0.993,0.848,0.85,0.944,0.984,0.977,0.89,0.918,0.987,0.885,0.931,0.965,0.941,0.911,0.928,0.99,0.993,0.98,0.92,0.971,0.993,0.963,0.869,0.862,0.869,0.87,0.874,0.993,0.962,0.984,0.857,0.931,0.846,0.994,0.969,0.864,0.855
0.734,0.871,0.677,0.813,0.841,0.765,0.809,0.694,0.73,0.834,0.819,0.69,0.883,0.793,0.809,0.759,0.893,0.989,0.951,0.703,0.734,0.865,0.646,0.766,0.868,0.787,0.861,0.669,0.79,0.83,1,0.804,0.805,0.949,0.958,0.941,0.946,0.957,0.953,0.824,0.844,0.677,0.698,0.703,0.648,0.812,0.637,1,0.912,1,0.925,0.919,0.926,0.862,0.885,0.904,0.871,0.912,0.915,1,0.752,0.725,0.929,0.981,0.946,0.887,0.947,0.989,0.896,0.936,0.95,0.948,0.948,0.915,0.989,1,0.957,0.847,0.95,1,0.967,0.908,0.912,0.918,0.906,0.872,0.989,0.945,0.981,0.91,0.887,0.891,0.989,0.956,0.916,0.902
0.753,0.875,0.868,0.83,0.809,0.641,0.727,0.805,0.894,0.618,0.778,0.89,0.83,0.739,0.737,0.781,0.812,0.988,0.954,0.78,0.645,0.714,0.661,0.642,0.722,0.765,0.685,0.658,0.761,0.691,0.804,1,0.601,0.923,0.961,0.961,0.942,0.917,0.933,0.657,0.671,0.599,0.627,0.768,0.806,0.814,0.668,0.992,0.861,0.992,0.871,0.871,0.874,0.909,0.883,0.804,0.848,0.942,0.887,0.996,0.82,0.841,0.938,0.978,0.973,0.904,0.928,0.992,0.87,0.916,0.97,0.931,0.917,0.92,0.992,0.992,0.981,0.914,0.962,0.996,0.972,0.856,0.862,0.878,0.863,0.858,0.992,0.952,0.978,0.863,0.923,0.835,0.984,0.975,0.867,0.845
0.633,0.895,0.828,0.818,0.723,0.76,0.552,0.801,0.9,0.705,0.743,0.891,0.843,0.751,0.665,0.624,0.855,0.996,0.963,0.787,0.755,0.636,0.788,0.742,0.659,0.71,0.74,0.774,0.604,0.706,0.805,0.601,1,0.931,0.958,0.972,0.96,0.926,0.954,0.747,0.739,0.718,0.764,0.573,0.83,0.834,0.782,0.996,0.886,0.996,0.871,0.871,0.872,0.915,0.893,0.834,0.861,0.934,0.901,0.996,0.656,0.843,0.933,0.98,0.975,0.913,0.93,0.996,0.878,0.915,0.933,0.946,0.934,0.93,0.992,0.996,0.988,0.904,0.972,0.996,0.954,0.879,0.862,0.876,0.88,0.865,0.996,0.969,0.988,0.876,0.933,0.866,0.988,0.985,0.887,0.862
0.924,0.96,0.973,0.935,0.931,0.915,0.924,0.961,0.98,0.909,0.907,0.984,0.92,0.928,0.916,0.942,0.907,0.989,0.931,0.954,0.909,0.905,0.942,0.925,0.893,0.92,0.899,0.94,0.916,0.917,0.949,0.923,0.931,1,0.942,0.917,0.863,0.833,0.875,0.904,0.897,0.935,0.941,0.942,0.967,0.95,0.95,0.992,0.913,0.994,0.928,0.945,0.94,0.969,0.934,0.924,0.936,0.969,0.955,0.992,0.944,0.948,0.968,0.982,0.988,0.948,0.939,0.992,0.945,0.93,0.989,0.968,0.924,0.971,0.992,0.992,0.985,0.975,0.982,0.994,0.975,0.944,0.932,0.947,0.945,0.942,0.995,0.974,0.98,0.94,0.969,0.937,0.991,0.976,0.934,0.948
0.943,0.938,0.932,0.967,0.976,0.961,0.959,0.968,0.936,0.96,0.953,0.959,0.966,0.974,0.955,0.954,0.945,0.959,0.926,0.971,0.947,0.971,0.962,0.959,0.968,0.952,0.958,0.96,0.948,0.96,0.958,0.961,0.958,0.942,1,0.901,0.897,0.958,0.879,0.96,0.965,0.968,0.958,0.937,0.944,0.963,0.946,0.973,0.964,0.986,0.969,0.971,0.974,0.928,0.966,0.961,0.944,0.933,0.979,0.974,0.939,0.945,0.92,0.966,1,0.952,0.943,0.988,0.943,0.967,0.967,0.976,0.939,0.951,0.987,0.986,0.963,0.966,0.978,0.973,0.953,0.973,0.968,0.972,0.977,0.95,0.987,0.97,0.955,0.964,0.958,0.948,0.962,0.95,0.965,0.961
0.957,0.955,0.956,0.963,0.971,0.932,0.96,0.951,0.952,0.956,0.94,0.961,0.947,0.966,0.956,0.96,0.929,0.991,0.942,0.96,0.949,0.975,0.957,0.959,0.968,0.949,0.961,0.951,0.963,0.961,0.941,0.961,0.972,0.917,0.901,1,0.7,0.949,0.934,0.958,0.961,0.959,0.964,0.96,0.955,0.963,0.938,0.981,0.936,0.99,0.968,0.964,0.971,0.944,0.957,0.952,0.951,0.924,0.958,0.991,0.954,0.943,0.947,0.975,0.991,0.932,0.946,1,0.947,0.963,0.975,0.968,0.948,0.954,0.981,0.99,0.964,0.966,0.975,0.991,0.971,0.959,0.959,0.968,0.962,0.948,0.991,0.961,0.966,0.965,0.939,0.954,0.982,0.962,0.955,0.962
0.955,0.947,0.971,0.961,0.961,0.919,0.952,0.954,0.969,0.938,0.924,0.976,0.937,0.954,0.943,0.958,0.921,0.979,0.942,0.953,0.941,0.955,0.95,0.947,0.948,0.938,0.941,0.941,0.955,0.928,0.946,0.942,0.96,0.863,0.897,0.7,1,0.9,0.867,0.942,0.939,0.952,0.953,0.957,0.964,0.965,0.938,0.978,0.927,0.986,0.954,0.961,0.96,0.943,0.959,0.929,0.934,0.934,0.951,0.993,0.957,0.943,0.958,0.968,1,0.924,0.929,1,0.932,0.96,0.981,0.946,0.931,0.957,0.986,0.986,0.973,0.967,0.974,0.993,0.965,0.947,0.949,0.959,0.95,0.925,0.993,0.97,0.974,0.953,0.951,0.953,0.979,0.951,0.94,0.96
0.952,0.96,0.985,0.942,0.914,0.902,0.937,0.953,0.988,0.905,0.918,0.988,0.927,0.927,0.932,0.945,0.915,0.99,0.961,0.958,0.919,0.903,0.951,0.924,0.902,0.949,0.902,0.938,0.934,0.917,0.957,0.917,0.926,0.833,0.958,0.949,0.9,1,0.85,0.895,0.901,0.93,0.939,0.958,0.964,0.943,0.956,0.992,0.885,0.994,0.925,0.942,0.938,0.973,0.941,0.924,0.944,0.971,0.952,0.994,0.961,0.965,0.97,0.984,0.99,0.944,0.936,0.992,0.936,0.935,0.99,0.972,0.942,0.968,0.992,0.994,0.99,0.975,0.99,0.996,0.971,0.938,0.932,0.943,0.941,0.94,0.994,0.976,0.98,0.94,0.969,0.937,0.99,0.984,0.932,0.954
0.948,0.968,0.977,0.957,0.95,0.93,0.955,0.963,0.983,0.933,0.933,0.987,0.941,0.954,0.942,0.959,0.933,0.989,0.958,0.959,0.93,0.938,0.952,0.942,0.938,0.948,0.936,0.943,0.946,0.935,0.953,0.933,0.954,0.875,0.879,0.934,0.867,0.85,1,0.924,0.933,0.948,0.951,0.959,0.96,0.959,0.951,0.996,0.921,0.996,0.948,0.953,0.956,0.958,0.944,0.934,0.952,0.961,0.95,0.993,0.964,0.96,0.974,0.983,0.993,0.942,0.938,0.993,0.937,0.938,0.99,0.966,0.936,0.96,0.993,0.993,0.986,0.975,0.99,0.996,0.971,0.949,0.942,0.958,0.951,0.947,0.989,0.973,0.99,0.951,0.959,0.956,0.986,0.974,0.946,0.947
0.74,0.872,0.899,0.809,0.804,0.643,0.73,0.833,0.92,0.633,0.78,0.914,0.805,0.728,0.713,0.78,0.818,0.994,0.966,0.806,0.658,0.662,0.71,0.628,0.67,0.763,0.706,0.721,0.757,0.74,0.824,0.657,0.747,0.904,0.96,0.958,0.942,0.895,0.924,1,0.591,0.654,0.668,0.758,0.826,0.842,0.744,0.994,0.857,0.997,0.869,0.861,0.863,0.915,0.881,0.792,0.837,0.938,0.895,1,0.822,0.859,0.947,0.985,0.985,0.902,0.914,0.991,0.858,0.92,0.97,0.944,0.915,0.92,0.997,0.994,0.982,0.913,0.973,1,0.963,0.853,0.859,0.866,0.857,0.866,0.997,0.956,0.979,0.849,0.923,0.821,0.991,0.971,0.844,0.846
0.781,0.881,0.905,0.841,0.809,0.688,0.725,0.852,0.927,0.614,0.807,0.921,0.82,0.724,0.742,0.799,0.838,0.994,0.963,0.796,0.68,0.656,0.735,0.625,0.616,0.784,0.725,0.74,0.77,0.748,0.844,0.671,0.739,0.897,0.965,0.961,0.939,0.901,0.933,0.591,1,0.675,0.691,0.786,0.834,0.853,0.766,0.997,0.854,1,0.862,0.86,0.858,0.919,0.897,0.792,0.835,0.941,0.91,0.997,0.851,0.87,0.946,0.984,0.983,0.904,0.936,0.992,0.863,0.927,0.975,0.954,0.928,0.938,0.992,1,0.989,0.92,0.978,1,0.979,0.852,0.86,0.865,0.851,0.86,0.997,0.959,0.975,0.854,0.926,0.838,0.992,0.976,0.847,0.861
0.758,0.855,0.768,0.815,0.798,0.558,0.741,0.717,0.806,0.689,0.778,0.789,0.847,0.714,0.761,0.704,0.851,0.985,0.94,0.701,0.52,0.796,0.323,0.519,0.77,0.745,0.788,0.446,0.732,0.803,0.677,0.599,0.718,0.935,0.968,0.959,0.952,0.93,0.948,0.654,0.675,1,0.482,0.714,0.705,0.781,0.4,1,0.894,1,0.906,0.886,0.892,0.902,0.875,0.832,0.838,0.904,0.88,1,0.774,0.763,0.916,0.973,0.971,0.87,0.927,0.993,0.854,0.923,0.959,0.92,0.924,0.894,0.993,1,0.979,0.877,0.952,1,0.976,0.87,0.893,0.889,0.872,0.843,0.993,0.927,0.973,0.875,0.886,0.847,0.978,0.969,0.883,0.876
0.75,0.88,0.763,0.82,0.805,0.604,0.761,0.742,0.809,0.712,0.78,0.793,0.86,0.745,0.758,0.738,0.852,0.985,0.94,0.711,0.539,0.8,0.381,0.558,0.791,0.747,0.794,0.443,0.753,0.807,0.698,0.627,0.764,0.941,0.958,0.964,0.953,0.939,0.951,0.668,0.691,0.482,1,0.704,0.646,0.771,0.409,1,0.87,1,0.91,0.894,0.899,0.876,0.857,0.825,0.845,0.919,0.881,1,0.75,0.813,0.931,0.973,0.965,0.876,0.927,0.993,0.866,0.932,0.967,0.939,0.938,0.889,0.993,1,0.965,0.892,0.946,1,0.976,0.879,0.893,0.889,0.877,0.844,0.993,0.928,0.98,0.879,0.88,0.835,0.986,0.963,0.877,0.877
0.505,0.859,0.713,0.801,0.731,0.76,0.506,0.718,0.83,0.791,0.725,0.814,0.858,0.725,0.599,0.551,0.879,0.993,0.954,0.736,0.749,0.699,0.726,0.741,0.692,0.684,0.801,0.696,0.462,0.789,0.703,0.768,0.573,0.942,0.937,0.96,0.957,0.958,0.959,0.758,0.786,0.714,0.704,1,0.723,0.819,0.715,0.993,0.91,0.993,0.888,0.884,0.884,0.878,0.878,0.834,0.832,0.907,0.916,1,0.503,0.797,0.925,0.987,0.979,0.888,0.928,0.993,0.857,0.9,0.903,0.94,0.926,0.91,0.986,0.993,0.986,0.861,0.961,0.993,0.94,0.887,0.872,0.876,0.886,0.851,0.993,0.95,0.987,0.877,0.92,0.867,0.986,0.982,0.894,0.867
0.797,0.897,0.592,0.845,0.823,0.788,0.796,0.707,0.671,0.843,0.817,0.62,0.904,0.767,0.824,0.758,0.912,0.972,0.944,0.667,0.751,0.871,0.667,0.766,0.868,0.799,0.867,0.688,0.817,0.832,0.648,0.806,0.83,0.967,0.944,0.955,0.964,0.964,0.96,0.826,0.834,0.705,0.646,0.723,1,0.747,0.67,1,0.915,1,0.931,0.919,0.922,0.851,0.887,0.898,0.891,0.875,0.926,1,0.768,0.762,0.918,0.965,0.948,0.882,0.959,0.987,0.877,0.952,0.953,0.95,0.955,0.932,0.986,1,0.975,0.868,0.953,1,0.971,0.906,0.922,0.917,0.905,0.893,0.986,0.947,0.977,0.909,0.881,0.894,0.987,0.959,0.911,0.922
0.848,0.946,0.777,0.892,0.7,0.836,0.84,0.806,0.788,0.825,0.851,0.771,0.938,0.771,0.853,0.704,0.948,0.993,0.965,0.823,0.813,0.874,0.781,0.799,0.864,0.779,0.807,0.816,0.828,0.873,0.812,0.814,0.834,0.95,0.963,0.963,0.965,0.943,0.959,0.842,0.853,0.781,0.771,0.819,0.747,1,0.787,0.985,0.938,0.985,0.958,0.967,0.962,0.953,0.933,0.946,0.961,0.951,0.963,0.993,0.829,0.824,0.969,0.98,0.979,0.96,0.948,0.993,0.934,0.935,0.973,0.956,0.929,0.944,0.985,0.985,0.986,0.954,0.973,1,0.982,0.962,0.948,0.977,0.965,0.936,1,0.975,0.973,0.965,0.943,0.944,0.993,0.981,0.959,0.955
0.775,0.869,0.687,0.841,0.821,0.591,0.795,0.7,0.71,0.768,0.796,0.713,0.869,0.779,0.796,0.74,0.863,0.968,0.921,0.708,0.528,0.862,0.223,0.551,0.84,0.756,0.836,0.341,0.771,0.84,0.637,0.668,0.782,0.95,0.946,0.938,0.938,0.956,0.951,0.744,0.766,0.4,0.409,0.715,0.67,0.787,1,0.989,0.879,0.989,0.911,0.89,0.9,0.87,0.867,0.854,0.853,0.89,0.884,0.99,0.73,0.757,0.915,0.953,0.97,0.865,0.928,0.99,0.86,0.914,0.944,0.904,0.92,0.87,0.979,0.989,0.96,0.874,0.924,0.99,0.96,0.868,0.89,0.892,0.87,0.859,0.979,0.911,0.972,0.881,0.876,0.856,0.969,0.958,0.878,0.896
0.99,0.989,1,0.995,0.984,0.995,1,1,0.974,0.994,0.987,1,0.987,0.986,0.992,0.993,0.982,0.933,0.981,1,0.989,1,1,0.995,0.997,0.995,0.995,1,0.991,0.993,1,0.992,0.996,0.992,0.973,0.981,0.978,0.992,0.996,0.994,0.997,1,1,0.993,1,0.985,0.989,1,0.986,0.444,0.993,0.991,1,0.982,0.993,0.991,0.986,0.958,0.984,0.867,0.991,0.989,0.907,0.967,1,0.991,0.956,1,0.99,0.987,1,0.954,0.972,0.969,0.867,0.556,0.955,0.984,0.968,0.933,0.98,0.995,0.996,1,1,0.976,0.929,0.949,0.808,0.996,0.968,0.989,0.947,0.977,0.996,1
0.897,0.881,0.96,0.908,0.914,0.847,0.871,0.939,0.971,0.859,0.862,0.971,0.871,0.863,0.889,0.914,0.856,0.991,0.944,0.917,0.842,0.9,0.882,0.857,0.886,0.876,0.869,0.848,0.874,0.887,0.912,0.861,0.886,0.913,0.964,0.936,0.927,0.885,0.921,0.857,0.854,0.894,0.87,0.91,0.915,0.938,0.879,0.986,1,0.986,0.898,0.881,0.899,0.924,0.86,0.852,0.869,0.93,0.896,0.977,0.916,0.902,0.925,0.961,0.978,0.875,0.815,0.982,0.859,0.899,0.97,0.943,0.905,0.905,0.982,0.986,0.955,0.899,0.961,0.996,0.96,0.883,0.871,0.897,0.885,0.87,0.991,0.945,0.966,0.889,0.913,0.85,0.973,0.967,0.873,0.885
0.99,1,1,0.995,0.984,0.995,1,1,0.974,0.997,0.991,1,0.987,0.99,0.992,0.993,0.977,0.933,0.981,1,0.989,1,1,0.995,0.997,0.995,0.995,1,0.991,0.993,1,0.992,0.996,0.994,0.986,0.99,0.986,0.994,0.996,0.997,1,1,1,0.993,1,0.985,0.989,0.444,0.986,1,0.993,0.995,1,0.982,0.986,0.996,0.993,0.98,0.984,0.867,0.991,0.989,0.907,0.967,1,0.991,0.956,1,0.99,0.994,1,0.954,0.979,0.969,0.867,0.556,0.955,0.984,0.968,0.933,0.98,0.995,0.996,1,1,0.984,0.929,0.975,0.852,0.996,0.984,0.994,0.947,0.977,0.996,1
0.866,0.914,0.956,0.878,0.917,0.869,0.855,0.919,0.975,0.867,0.865,0.978,0.847,0.896,0.846,0.911,0.857,0.997,0.97,0.914,0.882,0.865,0.922,0.877,0.856,0.823,0.857,0.906,0.878,0.859,0.925,0.871,0.871,0.928,0.969,0.968,0.954,0.925,0.948,0.869,0.862,0.906,0.91,0.888,0.931,0.958,0.911,0.993,0.898,0.993,1,0.38,0.227,0.922,0.893,0.842,0.866,0.95,0.891,0.993,0.913,0.929,0.956,0.981,0.98,0.919,0.922,1,0.902,0.784,0.957,0.907,0.885,0.934,0.993,0.993,0.987,0.929,0.984,0.983,0.94,0.358,0.347,0.358,0.371,0.884,0.997,0.978,0.99,0.377,0.943,0.875,0.99,0.966,0.385,0.823
0.856,0.888,0.964,0.887,0.931,0.865,0.858,0.915,0.971,0.865,0.872,0.984,0.837,0.886,0.853,0.909,0.836,0.995,0.973,0.898,0.878,0.869,0.908,0.866,0.871,0.863,0.876,0.9,0.876,0.869,0.919,0.871,0.871,0.945,0.971,0.964,0.961,0.942,0.953,0.861,0.86,0.886,0.894,0.884,0.919,0.967,0.89,0.991,0.881,0.995,0.38,1,0.344,0.909,0.87,0.817,0.834,0.938,0.873,0.991,0.908,0.921,0.959,0.97,0.978,0.908,0.903,1,0.882,0.796,0.965,0.917,0.911,0.908,0.991,0.995,0.991,0.924,0.987,0.991,0.96,0.155,0.31,0.253,0.181,0.861,0.995,0.967,0.992,0.332,0.937,0.862,0.991,0.963,0.32,0.778
0.858,0.906,0.954,0.879,0.927,0.867,0.855,0.912,0.975,0.872,0.871,0.982,0.853,0.891,0.853,0.91,0.863,1,0.976,0.91,0.875,0.866,0.909,0.87,0.866,0.823,0.871,0.899,0.874,0.873,0.926,0.874,0.872,0.94,0.974,0.971,0.96,0.938,0.956,0.863,0.858,0.892,0.899,0.884,0.922,0.962,0.9,1,0.899,1,0.227,0.344,1,0.918,0.894,0.837,0.857,0.95,0.894,0.996,0.909,0.92,0.965,0.982,0.981,0.915,0.919,1,0.893,0.829,0.951,0.932,0.9,0.928,0.996,1,0.985,0.934,0.989,0.988,0.928,0.305,0.354,0.244,0.275,0.884,1,0.979,0.996,0.408,0.938,0.873,0.992,0.964,0.389,0.826
0.884,0.867,0.931,0.904,0.947,0.898,0.9,0.876,0.936,0.925,0.898,0.95,0.92,0.924,0.903,0.899,0.902,0.983,0.947,0.883,0.884,0.931,0.885,0.886,0.924,0.885,0.929,0.901,0.905,0.902,0.862,0.909,0.915,0.969,0.928,0.944,0.943,0.973,0.958,0.915,0.919,0.902,0.876,0.878,0.851,0.953,0.87,0.982,0.924,0.982,0.922,0.909,0.918,1,0.897,0.883,0.855,0.779,0.892,0.983,0.87,0.868,0.862,0.973,0.937,0.887,0.906,0.969,0.855,0.943,0.899,0.923,0.934,0.879,0.983,0.982,0.953,0.822,0.973,0.983,0.907,0.9,0.907,0.903,0.899,0.854,0.983,0.924,0.973,0.886,0.839,0.875,0.968,0.927,0.906,0.899
0.89,0.919,0.936,0.91,0.939,0.874,0.88,0.912,0.952,0.889,0.889,0.958,0.873,0.891,0.882,0.914,0.889,0.987,0.933,0.914,0.858,0.898,0.866,0.872,0.894,0.868,0.901,0.873,0.887,0.897,0.885,0.883,0.893,0.934,0.966,0.957,0.959,0.941,0.944,0.881,0.897,0.875,0.857,0.878,0.887,0.933,0.867,0.993,0.86,0.986,0.893,0.87,0.894,0.897,1,0.864,0.866,0.912,0.914,0.973,0.892,0.904,0.904,0.922,0.932,0.883,0.879,0.981,0.841,0.891,0.95,0.926,0.916,0.902,0.973,0.986,0.947,0.918,0.963,0.993,0.955,0.865,0.878,0.88,0.867,0.852,0.986,0.94,0.949,0.873,0.882,0.847,0.974,0.935,0.875,0.867
0.835,0.869,0.953,0.856,0.911,0.789,0.813,0.904,0.976,0.784,0.844,0.976,0.774,0.841,0.812,0.906,0.816,0.991,0.954,0.865,0.815,0.831,0.849,0.804,0.813,0.812,0.797,0.817,0.832,0.833,0.904,0.804,0.834,0.924,0.961,0.952,0.929,0.924,0.934,0.792,0.792,0.832,0.825,0.834,0.898,0.946,0.854,0.991,0.852,0.996,0.842,0.817,0.837,0.883,0.864,1,0.605,0.911,0.875,0.996,0.9,0.905,0.923,0.98,0.979,0.871,0.893,0.987,0.856,0.885,0.954,0.909,0.905,0.917,0.991,0.996,0.966,0.876,0.976,0.996,0.961,0.815,0.829,0.833,0.819,0.597,0.991,0.943,0.98,0.815,0.881,0.806,0.987,0.973,0.82,0.813
0.829,0.832,0.96,0.859,0.938,0.817,0.849,0.879,0.963,0.835,0.852,0.97,0.823,0.857,0.823,0.904,0.822,0.993,0.925,0.847,0.843,0.872,0.835,0.815,0.845,0.83,0.849,0.835,0.838,0.852,0.871,0.848,0.861,0.936,0.944,0.951,0.934,0.944,0.952,0.837,0.835,0.838,0.845,0.832,0.891,0.961,0.853,0.986,0.869,0.993,0.866,0.834,0.857,0.855,0.866,0.605,1,0.869,0.861,0.986,0.89,0.88,0.915,0.968,0.973,0.865,0.917,0.987,0.861,0.91,0.955,0.901,0.911,0.894,0.986,0.993,0.973,0.844,0.975,0.993,0.942,0.832,0.854,0.849,0.834,0.66,0.993,0.945,0.975,0.82,0.898,0.809,0.98,0.952,0.847,0.826
0.921,0.867,0.924,0.924,0.95,0.91,0.933,0.895,0.929,0.943,0.908,0.944,0.932,0.917,0.936,0.928,0.913,0.98,0.917,0.915,0.903,0.95,0.887,0.898,0.939,0.922,0.946,0.911,0.929,0.947,0.912,0.942,0.934,0.969,0.933,0.924,0.934,0.971,0.961,0.938,0.941,0.904,0.919,0.907,0.875,0.951,0.89,0.958,0.93,0.98,0.95,0.938,0.95,0.779,0.912,0.911,0.869,1,0.901,0.981,0.92,0.888,0.878,0.953,0.946,0.88,0.922,1,0.873,0.923,0.921,0.928,0.924,0.916,0.961,0.979,0.946,0.819,0.97,0.98,0.964,0.935,0.939,0.944,0.939,0.878,0.98,0.9,0.953,0.932,0.837,0.887,0.963,0.933,0.935,0.92
0.875,0.876,0.962,0.891,0.928,0.87,0.916,0.91,0.974,0.895,0.894,0.974,0.87,0.907,0.892,0.925,0.864,0.992,0.958,0.907,0.878,0.912,0.883,0.88,0.906,0.879,0.902,0.873,0.906,0.889,0.915,0.887,0.901,0.955,0.979,0.958,0.951,0.952,0.95,0.895,0.91,0.88,0.881,0.916,0.926,0.963,0.884,0.984,0.896,0.984,0.891,0.873,0.894,0.892,0.914,0.875,0.861,0.901,1,0.992,0.935,0.912,0.928,0.972,0.955,0.873,0.894,0.978,0.879,0.922,0.972,0.912,0.91,0.911,0.985,0.984,0.986,0.915,0.986,0.992,0.988,0.876,0.888,0.891,0.882,0.872,0.992,0.925,0.979,0.881,0.903,0.863,0.993,0.955,0.881,0.882
0.995,1,1,1,0.995,0.995,1,1,0.976,0.997,0.996,1,0.994,1,0.996,1,0.991,0.944,0.964,1,0.994,0.998,1,0.995,1,0.985,0.995,1,0.991,0.993,1,0.996,0.996,0.992,0.974,0.991,0.993,0.994,0.993,1,0.997,1,1,1,1,0.993,0.99,0.867,0.977,0.867,0.993,0.991,0.996,0.983,0.973,0.996,0.986,0.981,0.992,1,1,0.989,0.958,0.938,1,0.991,0.979,1,0.972,0.981,1,0.956,0.987,0.923,0.824,0.857,0.96,0.984,0.971,0.944,0.961,0.991,0.992,0.996,0.995,0.992,0.941,0.977,0.938,0.991,0.985,0.989,0.905,0.956,0.992,1
0.608,0.889,0.733,0.821,0.769,0.807,0.639,0.732,0.809,0.847,0.768,0.8,0.894,0.808,0.667,0.431,0.902,0.991,0.952,0.78,0.779,0.788,0.734,0.8,0.784,0.768,0.861,0.772,0.629,0.848,0.752,0.82,0.656,0.944,0.939,0.954,0.957,0.961,0.964,0.822,0.851,0.774,0.75,0.503,0.768,0.829,0.73,0.991,0.916,0.991,0.913,0.908,0.909,0.87,0.892,0.9,0.89,0.92,0.935,1,1,0.783,0.949,0.984,0.983,0.912,0.934,0.992,0.909,0.916,0.908,0.949,0.935,0.922,0.982,0.991,0.975,0.904,0.952,0.991,0.928,0.912,0.895,0.902,0.91,0.893,0.991,0.955,0.984,0.907,0.913,0.897,0.983,0.956,0.918,0.91
0.784,0.837,0.781,0.835,0.858,0.807,0.831,0.784,0.784,0.876,0.84,0.786,0.885,0.836,0.848,0.799,0.875,0.967,0.945,0.813,0.788,0.872,0.752,0.815,0.88,0.822,0.868,0.79,0.837,0.85,0.725,0.841,0.843,0.948,0.945,0.943,0.943,0.965,0.96,0.859,0.87,0.763,0.813,0.797,0.762,0.824,0.757,0.989,0.902,0.989,0.929,0.921,0.92,0.868,0.904,0.905,0.88,0.888,0.912,0.989,0.783,1,0.904,0.962,0.97,0.927,0.928,1,0.872,0.938,0.953,0.935,0.94,0.868,0.968,0.989,0.97,0.89,0.943,1,0.96,0.909,0.921,0.923,0.912,0.882,1,0.919,0.962,0.916,0.908,0.908,0.99,0.975,0.913,0.904
0.94,0.894,0.949,0.95,0.959,0.933,0.928,0.937,0.941,0.954,0.93,0.957,0.931,0.953,0.939,0.958,0.93,0.979,0.94,0.929,0.923,0.96,0.92,0.933,0.943,0.931,0.94,0.932,0.937,0.944,0.929,0.938,0.933,0.968,0.92,0.947,0.958,0.97,0.974,0.947,0.946,0.916,0.931,0.925,0.918,0.969,0.915,0.907,0.925,0.907,0.956,0.959,0.965,0.862,0.904,0.923,0.915,0.878,0.928,0.958,0.949,0.904,1,0.984,0.943,0.919,0.907,0.962,0.842,0.951,0.952,0.914,0.929,0.901,0.958,0.93,0.943,0.855,0.934,0.957,0.949,0.957,0.965,0.964,0.961,0.89,0.979,0.928,0.836,0.956,0.872,0.897,0.94,0.973,0.961,0.938
0.986,0.981,0.969,0.983,0.986,0.972,0.987,0.983,0.943,0.981,0.979,0.964,0.981,0.987,0.985,0.981,0.975,0.935,0.941,0.985,0.974,0.99,0.965,0.975,0.99,0.981,0.986,0.971,0.978,0.984,0.981,0.978,0.98,0.982,0.966,0.975,0.968,0.984,0.983,0.985,0.984,0.973,0.973,0.987,0.965,0.98,0.953,0.967,0.961,0.967,0.981,0.97,0.982,0.973,0.922,0.98,0.968,0.953,0.972,0.938,0.984,0.962,0.984,1,0.947,0.984,0.974,1,0.958,0.971,1,0.963,0.982,0.95,0.938,0.966,0.974,0.974,0.957,0.969,0.969,0.973,0.974,0.979,0.977,0.972,0.968,0.964,0.979,0.975,0.975,0.958,0.943,0.948,0.974,0.982
0.975,0.959,0.964,0.982,0.98,0.971,0.982,0.981,1,0.98,0.983,1,0.964,0.982,0.985,0.987,0.974,1,0.968,0.959,0.967,0.983,0.963,0.974,0.982,0.97,0.985,0.969,0.987,0.977,0.946,0.973,0.975,0.988,1,0.991,1,0.99,0.993,0.985,0.983,0.971,0.965,0.979,0.948,0.979,0.97,1,0.978,1,0.98,0.978,0.981,0.937,0.932,0.979,0.973,0.946,0.955,1,0.983,0.97,0.943,0.947,1,0.975,0.987,1,0.955,0.976,0.949,0.973,0.981,0.973,1,1,1,0.94,1,1,0.983,0.977,0.981,0.978,0.976,0.955,1,0.936,1,0.979,0.942,0.973,1,1,0.977,0.961
0.887,0.89,0.95,0.918,0.946,0.857,0.892,0.907,0.962,0.906,0.898,0.97,0.897,0.897,0.896,0.934,0.864,0.982,0.952,0.887,0.865,0.923,0.877,0.884,0.917,0.88,0.903,0.838,0.904,0.89,0.887,0.904,0.913,0.948,0.952,0.932,0.924,0.944,0.942,0.902,0.904,0.87,0.876,0.888,0.882,0.96,0.865,0.991,0.875,0.991,0.919,0.908,0.915,0.887,0.883,0.871,0.865,0.88,0.873,0.991,0.912,0.927,0.919,0.984,0.975,1,0.895,0.975,0.886,0.938,0.96,0.936,0.907,0.943,0.991,0.991,0.957,0.85,0.969,0.991,0.979,0.9,0.912,0.906,0.899,0.871,0.982,0.931,0.992,0.907,0.884,0.798,0.992,0.941,0.895,0.899
0.924,0.884,0.971,0.936,0.941,0.916,0.926,0.94,0.982,0.92,0.894,0.988,0.885,0.938,0.932,0.946,0.847,0.972,0.96,0.958,0.919,0.94,0.935,0.93,0.931,0.907,0.911,0.923,0.92,0.918,0.947,0.928,0.93,0.939,0.943,0.946,0.929,0.936,0.938,0.914,0.936,0.927,0.927,0.928,0.959,0.948,0.928,0.956,0.815,0.956,0.922,0.903,0.919,0.906,0.879,0.893,0.917,0.922,0.894,0.979,0.934,0.928,0.907,0.974,0.987,0.895,1,0.944,0.892,0.917,0.955,0.929,0.91,0.905,0.972,0.956,0.966,0.939,0.975,0.993,0.965,0.906,0.904,0.918,0.916,0.893,0.971,0.924,0.933,0.932,0.884,0.897,0.972,0.945,0.904,0.919
0.995,0.99,0.982,1,0.99,0.995,0.991,1,1,0.983,0.996,1,0.987,0.991,0.996,0.993,0.969,0.957,0.984,0.992,0.995,0.998,0.991,0.995,0.99,1,0.985,0.984,0.987,0.987,0.989,0.992,0.996,0.992,0.988,1,1,0.992,0.993,0.991,0.992,0.993,0.993,0.993,0.987,0.993,0.99,1,0.982,1,1,1,1,0.969,0.981,0.987,0.987,1,0.978,1,0.992,1,0.962,1,1,0.975,0.944,1,1,0.988,1,1,0.994,1,1,1,0.967,1,1,1,1,1,1,1,1,0.993,0.955,0.957,0.974,1,0.986,0.989,0.963,0.98,0.996,0.995
0.867,0.828,0.94,0.881,0.921,0.853,0.835,0.903,0.944,0.877,0.813,0.961,0.847,0.866,0.873,0.896,0.856,0.991,0.942,0.852,0.831,0.87,0.879,0.835,0.873,0.859,0.869,0.856,0.853,0.885,0.896,0.87,0.878,0.945,0.943,0.947,0.932,0.936,0.937,0.858,0.863,0.854,0.866,0.857,0.877,0.934,0.86,0.99,0.859,0.99,0.902,0.882,0.893,0.855,0.841,0.856,0.861,0.873,0.879,0.972,0.909,0.872,0.842,0.958,0.955,0.886,0.892,1,1,0.879,0.949,0.897,0.91,0.839,0.962,0.99,0.955,0.868,0.949,0.981,0.924,0.877,0.893,0.885,0.884,0.849,0.991,0.927,0.93,0.89,0.878,0.848,0.943,0.954,0.883,0.863
0.904,0.942,0.946,0.932,0.927,0.913,0.907,0.958,0.966,0.932,0.879,0.978,0.914,0.918,0.906,0.933,0.915,0.994,0.958,0.931,0.916,0.919,0.935,0.93,0.907,0.901,0.907,0.915,0.91,0.931,0.936,0.916,0.915,0.93,0.967,0.963,0.96,0.935,0.938,0.92,0.927,0.923,0.932,0.9,0.952,0.935,0.914,0.987,0.899,0.994,0.784,0.796,0.829,0.943,0.891,0.885,0.91,0.923,0.922,0.981,0.916,0.938,0.951,0.971,0.976,0.938,0.917,0.988,0.879,1,0.894,0.79,0.759,0.94,0.975,0.994,0.976,0.938,0.971,0.968,0.934,0.813,0.781,0.831,0.818,0.904,0.994,0.937,0.971,0.846,0.923,0.928,0.962,0.956,0.809,0.868
0.941,0.942,0.883,0.956,0.966,0.972,0.932,0.938,0.982,0.975,0.939,0.982,0.978,0.969,0.947,0.933,0.962,1,0.972,0.954,0.968,0.961,0.957,0.97,0.96,0.931,0.976,0.956,0.933,0.965,0.95,0.97,0.933,0.989,0.967,0.975,0.981,0.99,0.99,0.97,0.975,0.959,0.967,0.903,0.953,0.973,0.944,1,0.97,1,0.957,0.965,0.951,0.899,0.95,0.954,0.955,0.921,0.972,1,0.908,0.953,0.952,1,0.949,0.96,0.955,1,0.949,0.894,1,0.883,0.923,0.951,1,1,0.949,0.919,0.98,1,0.807,0.964,0.955,0.949,0.958,0.935,1,0.946,0.979,0.971,0.935,0.958,0.973,0.984,0.967,0.953
0.932,0.942,0.98,0.958,0.967,0.934,0.942,0.967,0.967,0.943,0.931,0.989,0.935,0.94,0.936,0.952,0.911,0.986,0.981,0.932,0.941,0.957,0.924,0.939,0.951,0.909,0.948,0.927,0.93,0.941,0.948,0.931,0.946,0.968,0.976,0.968,0.946,0.972,0.966,0.944,0.954,0.92,0.939,0.94,0.95,0.956,0.904,0.954,0.943,0.954,0.907,0.917,0.932,0.923,0.926,0.909,0.901,0.928,0.912,0.956,0.949,0.935,0.914,0.963,0.973,0.936,0.929,1,0.897,0.79,0.883,1,0.755,0.929,0.94,0.953,0.973,0.936,0.988,0.939,0.905,0.914,0.895,0.924,0.917,0.884,0.985,0.944,0.963,0.903,0.917,0.927,0.958,0.935,0.906,0.921
0.922,0.944,0.96,0.937,0.929,0.91,0.924,0.951,0.97,0.923,0.882,0.977,0.914,0.922,0.921,0.939,0.889,0.993,0.973,0.941,0.909,0.926,0.932,0.917,0.914,0.883,0.908,0.925,0.931,0.911,0.948,0.917,0.934,0.924,0.939,0.948,0.931,0.942,0.936,0.915,0.928,0.924,0.938,0.926,0.955,0.929,0.92,0.972,0.905,0.979,0.885,0.911,0.9,0.934,0.916,0.905,0.911,0.924,0.91,0.987,0.935,0.94,0.929,0.982,0.981,0.907,0.91,0.994,0.91,0.759,0.923,0.755,1,0.942,0.987,0.986,0.974,0.935,0.969,0.973,0.937,0.918,0.872,0.913,0.921,0.895,0.986,0.959,0.969,0.907,0.936,0.907,0.98,0.965,0.909,0.904
0.913,0.893,0.926,0.937,0.954,0.907,0.925,0.908,0.93,0.932,0.906,0.943,0.926,0.94,0.932,0.934,0.906,0.985,0.92,0.918,0.905,0.94,0.885,0.9,0.936,0.918,0.936,0.9,0.917,0.928,0.915,0.92,0.93,0.971,0.951,0.954,0.957,0.968,0.96,0.92,0.938,0.894,0.889,0.91,0.932,0.944,0.87,0.969,0.905,0.969,0.934,0.908,0.928,0.879,0.902,0.917,0.894,0.916,0.911,0.923,0.922,0.868,0.901,0.95,0.973,0.943,0.905,1,0.839,0.94,0.951,0.929,0.942,1,0.939,0.969,0.944,0.905,0.924,0.985,0.938,0.909,0.921,0.923,0.916,0.897,0.985,0.907,0.963,0.912,0.896,0.87,0.942,0.957,0.913,0.898
0.98,0.989,0.98,0.995,0.985,0.99,0.986,0.99,0.95,0.992,0.987,0.976,0.99,0.991,0.989,0.986,0.991,0.944,0.982,0.992,0.989,0.993,0.99,0.99,0.995,0.99,0.99,0.992,0.986,0.99,0.989,0.992,0.992,0.992,0.987,0.981,0.986,0.992,0.993,0.997,0.992,0.993,0.993,0.986,0.986,0.985,0.979,0.867,0.982,0.867,0.993,0.991,0.996,0.983,0.973,0.991,0.986,0.961,0.985,0.824,0.982,0.968,0.958,0.938,1,0.991,0.972,1,0.962,0.975,1,0.94,0.987,0.939,1,0.857,0.96,0.984,0.971,0.944,0.961,0.991,0.992,0.996,0.995,0.985,0.941,0.952,0.903,0.991,0.969,0.989,0.955,0.956,0.992,0.995
0.99,1,1,0.995,0.984,0.995,1,1,0.973,0.997,0.991,1,0.99,0.995,0.992,0.993,0.991,0.929,0.981,1,0.989,1,1,0.995,1,0.99,0.995,1,0.991,0.993,1,0.992,0.996,0.992,0.986,0.99,0.986,0.994,0.993,0.994,1,1,1,0.993,1,0.985,0.989,0.556,0.986,0.556,0.993,0.995,1,0.982,0.986,0.996,0.993,0.979,0.984,0.857,0.991,0.989,0.93,0.966,1,0.991,0.956,1,0.99,0.994,1,0.953,0.986,0.969,0.857,1,0.952,0.983,0.967,0.929,0.979,0.995,0.996,1,1,0.984,0.923,0.974,0.846,0.996,0.984,0.994,0.944,0.976,0.996,1
0.985,0.99,0.964,0.987,0.985,0.971,0.987,0.981,0.957,0.983,0.974,0.979,0.981,0.982,0.981,0.993,0.983,0.913,0.915,0.976,0.973,0.99,0.972,0.974,0.988,0.985,0.981,0.969,0.973,0.98,0.957,0.981,0.988,0.985,0.963,0.964,0.973,0.99,0.986,0.982,0.989,0.979,0.965,0.986,0.975,0.986,0.96,0.955,0.955,0.955,0.987,0.991,0.985,0.953,0.947,0.966,0.973,0.946,0.986,0.96,0.975,0.97,0.943,0.974,1,0.957,0.966,0.967,0.955,0.976,0.949,0.973,0.974,0.944,0.96,0.952,1,0.971,0.794,0.958,0.946,0.981,0.985,0.983,0.986,0.962,0.909,0.936,0.947,0.983,0.877,0.967,0.926,0.94,0.977,0.971
0.906,0.88,0.922,0.923,0.948,0.895,0.892,0.904,0.912,0.925,0.908,0.927,0.908,0.912,0.905,0.927,0.921,0.984,0.938,0.878,0.87,0.924,0.872,0.888,0.923,0.902,0.925,0.875,0.893,0.92,0.847,0.914,0.904,0.975,0.966,0.966,0.967,0.975,0.975,0.913,0.92,0.877,0.892,0.861,0.868,0.954,0.874,0.984,0.899,0.984,0.929,0.924,0.934,0.822,0.918,0.876,0.844,0.819,0.915,0.984,0.904,0.89,0.855,0.974,0.94,0.85,0.939,1,0.868,0.938,0.919,0.936,0.935,0.905,0.984,0.983,0.971,1,0.961,0.984,0.946,0.921,0.923,0.93,0.924,0.82,0.984,0.94,0.974,0.918,0.891,0.838,0.97,0.966,0.915,0.9
0.966,0.972,0.937,0.965,0.976,0.953,0.97,0.965,0.904,0.972,0.953,0.926,0.978,0.969,0.967,0.961,0.988,0.97,0.894,0.962,0.952,0.981,0.938,0.955,0.978,0.981,0.976,0.94,0.956,0.971,0.95,0.962,0.972,0.982,0.978,0.975,0.974,0.99,0.99,0.973,0.978,0.952,0.946,0.961,0.953,0.973,0.924,0.968,0.961,0.968,0.984,0.987,0.989,0.973,0.963,0.976,0.975,0.97,0.986,0.971,0.952,0.943,0.934,0.957,1,0.969,0.975,1,0.949,0.971,0.98,0.988,0.969,0.924,0.971,0.967,0.794,0.961,1,0.97,0.97,0.982,0.985,0.988,0.986,0.979,0.969,0.946,0.957,0.979,0.935,0.969,0.914,0.984,0.982,0.982
0.995,1,0.98,1,0.995,0.995,0.995,1,0.949,0.997,0.991,1,0.997,1,0.989,1,0.991,0.941,0.982,1,0.994,0.998,1,0.995,0.997,0.995,0.995,1,0.991,0.993,1,0.996,0.996,0.994,0.973,0.991,0.993,0.996,0.996,1,1,1,1,0.993,1,1,0.99,0.933,0.996,0.933,0.983,0.991,0.988,0.983,0.993,0.996,0.993,0.98,0.992,0.944,0.991,1,0.957,0.969,1,0.991,0.993,1,0.981,0.968,1,0.939,0.973,0.985,0.944,0.929,0.958,0.984,0.97,1,0.939,0.99,0.981,0.987,0.995,0.992,0.938,0.976,0.969,0.991,0.985,0.995,0.952,0.978,0.988,1
0.95,0.951,0.938,0.959,0.973,0.961,0.951,0.938,0.944,0.976,0.917,0.973,0.97,0.975,0.958,0.953,0.964,0.98,0.966,0.973,0.961,0.967,0.97,0.973,0.964,0.941,0.97,0.968,0.947,0.963,0.967,0.972,0.954,0.975,0.953,0.971,0.965,0.971,0.971,0.963,0.979,0.976,0.976,0.94,0.971,0.982,0.96,0.98,0.96,0.98,0.94,0.96,0.928,0.907,0.955,0.961,0.942,0.964,0.988,0.961,0.928,0.96,0.949,0.969,0.983,0.979,0.965,1,0.924,0.934,0.807,0.905,0.937,0.938,0.961,0.979,0.946,0.946,0.97,0.939,1,0.944,0.928,0.909,0.939,0.949,0.98,0.959,0.953,0.953,0.958,0.952,0.88,0.889,0.947,0.975
0.864,0.888,0.962,0.881,0.935,0.848,0.86,0.9,0.965,0.862,0.875,0.978,0.847,0.885,0.858,0.917,0.834,0.99,0.959,0.89,0.86,0.875,0.892,0.848,0.87,0.858,0.869,0.881,0.879,0.869,0.908,0.856,0.879,0.944,0.973,0.959,0.947,0.938,0.949,0.853,0.852,0.87,0.879,0.887,0.906,0.962,0.868,0.995,0.883,0.995,0.358,0.155,0.305,0.9,0.865,0.815,0.832,0.935,0.876,0.991,0.912,0.909,0.957,0.973,0.977,0.9,0.906,1,0.877,0.813,0.964,0.914,0.918,0.909,0.991,0.995,0.981,0.921,0.982,0.99,0.944,1,0.256,0.203,0.058,0.86,0.995,0.97,0.991,0.282,0.926,0.854,0.986,0.957,0.279,0.796
0.859,0.91,0.954,0.871,0.911,0.859,0.847,0.909,0.964,0.86,0.855,0.975,0.844,0.891,0.848,0.904,0.841,0.996,0.969,0.907,0.87,0.858,0.909,0.868,0.86,0.839,0.851,0.892,0.869,0.862,0.912,0.862,0.862,0.932,0.968,0.959,0.949,0.932,0.942,0.859,0.86,0.893,0.893,0.872,0.922,0.948,0.89,0.996,0.871,0.996,0.347,0.31,0.354,0.907,0.878,0.829,0.854,0.939,0.888,0.992,0.895,0.921,0.965,0.974,0.981,0.912,0.904,1,0.893,0.781,0.955,0.895,0.872,0.921,0.992,0.996,0.985,0.923,0.985,0.981,0.928,0.256,1,0.201,0.264,0.864,0.996,0.975,0.993,0.344,0.942,0.865,0.985,0.957,0.332,0.811
0.861,0.899,0.956,0.878,0.94,0.861,0.854,0.91,0.972,0.873,0.878,0.984,0.853,0.896,0.859,0.911,0.857,1,0.973,0.901,0.877,0.872,0.907,0.868,0.873,0.859,0.882,0.895,0.876,0.869,0.918,0.878,0.876,0.947,0.972,0.968,0.959,0.943,0.958,0.866,0.865,0.889,0.889,0.876,0.917,0.977,0.892,1,0.897,1,0.358,0.253,0.244,0.903,0.88,0.833,0.849,0.944,0.891,0.996,0.902,0.923,0.964,0.979,0.978,0.906,0.918,1,0.885,0.831,0.949,0.924,0.913,0.923,0.996,1,0.983,0.93,0.988,0.987,0.909,0.203,0.201,1,0.166,0.879,1,0.976,0.996,0.343,0.939,0.868,0.987,0.96,0.325,0.82
0.863,0.895,0.961,0.88,0.937,0.853,0.858,0.907,0.969,0.865,0.879,0.978,0.851,0.881,0.865,0.916,0.842,1,0.967,0.889,0.862,0.876,0.891,0.849,0.872,0.86,0.877,0.879,0.883,0.87,0.906,0.863,0.88,0.945,0.977,0.962,0.95,0.941,0.951,0.857,0.851,0.872,0.877,0.886,0.905,0.965,0.87,1,0.885,1,0.371,0.181,0.275,0.899,0.867,0.819,0.834,0.939,0.882,0.995,0.91,0.912,0.961,0.977,0.976,0.899,0.916,1,0.884,0.818,0.958,0.917,0.921,0.916,0.995,1,0.986,0.924,0.986,0.995,0.939,0.058,0.264,0.166,1,0.866,1,0.974,0.995,0.285,0.933,0.856,0.99,0.96,0.288,0.798
0.861,0.844,0.955,0.875,0.924,0.861,0.856,0.875,0.959,0.845,0.852,0.96,0.835,0.857,0.864,0.887,0.856,0.992,0.963,0.88,0.846,0.889,0.846,0.836,0.877,0.828,0.869,0.845,0.857,0.874,0.872,0.858,0.865,0.942,0.95,0.948,0.925,0.94,0.947,0.866,0.86,0.843,0.844,0.851,0.893,0.936,0.859,0.976,0.87,0.984,0.884,0.861,0.884,0.854,0.852,0.597,0.66,0.878,0.872,0.992,0.893,0.882,0.89,0.972,0.955,0.871,0.893,0.993,0.849,0.904,0.935,0.884,0.895,0.897,0.985,0.984,0.962,0.82,0.979,0.992,0.949,0.86,0.864,0.879,0.866,1,0.992,0.932,0.957,0.85,0.881,0.792,0.985,0.954,0.864,0.802
0.995,1,0.98,1,0.995,0.99,0.995,1,0.974,0.994,0.991,1,0.984,0.995,0.992,1,0.996,0.867,0.982,0.992,0.989,0.998,0.99,0.989,0.997,1,0.995,0.992,0.991,0.993,0.989,0.992,0.996,0.995,0.987,0.991,0.993,0.994,0.989,0.997,0.997,0.993,0.993,0.993,0.986,1,0.979,0.929,0.991,0.929,0.997,0.995,1,0.983,0.986,0.991,0.993,0.98,0.992,0.941,0.991,1,0.979,0.968,1,0.982,0.971,0.955,0.991,0.994,1,0.985,0.986,0.985,0.941,0.923,0.909,0.984,0.969,0.938,0.98,0.995,0.996,1,1,0.992,1,0.95,0.968,0.996,0.968,0.989,0.95,0.977,0.992,1
0.938,0.956,0.959,0.971,0.963,0.945,0.958,0.984,0.985,0.959,0.95,1,0.956,0.961,0.964,0.963,0.959,0.951,0.935,0.949,0.949,0.964,0.925,0.941,0.971,0.959,0.962,0.929,0.953,0.962,0.945,0.952,0.969,0.974,0.97,0.961,0.97,0.976,0.973,0.956,0.959,0.927,0.928,0.95,0.947,0.975,0.911,0.949,0.945,0.975,0.978,0.967,0.979,0.924,0.94,0.943,0.945,0.9,0.925,0.977,0.955,0.919,0.928,0.964,0.936,0.931,0.924,0.957,0.927,0.937,0.946,0.944,0.959,0.907,0.952,0.974,0.936,0.94,0.946,0.976,0.959,0.97,0.975,0.976,0.974,0.932,0.95,1,0.84,0.972,0.877,0.939,0.956,0.956,0.971,0.964
0.981,0.981,0.969,0.991,0.971,0.982,0.987,0.991,0.963,0.984,0.97,0.982,0.975,0.978,0.985,0.974,0.979,0.969,0.941,0.985,0.968,0.988,0.983,0.98,0.98,0.986,0.976,0.986,0.978,0.984,0.981,0.978,0.988,0.98,0.955,0.966,0.974,0.98,0.99,0.979,0.975,0.973,0.98,0.987,0.977,0.973,0.972,0.808,0.966,0.852,0.99,0.992,0.996,0.973,0.949,0.98,0.975,0.953,0.979,0.938,0.984,0.962,0.836,0.979,1,0.992,0.933,0.974,0.93,0.971,0.979,0.963,0.969,0.963,0.903,0.846,0.947,0.974,0.957,0.969,0.953,0.991,0.993,0.996,0.995,0.957,0.968,0.84,1,0.992,0.962,0.979,0.943,0.983,0.993,0.995
0.859,0.896,0.961,0.876,0.932,0.859,0.855,0.907,0.972,0.86,0.855,0.976,0.846,0.885,0.851,0.912,0.849,0.996,0.958,0.89,0.865,0.871,0.892,0.85,0.863,0.841,0.856,0.877,0.876,0.857,0.91,0.863,0.876,0.94,0.964,0.965,0.953,0.94,0.951,0.849,0.854,0.875,0.879,0.877,0.909,0.965,0.881,0.996,0.889,0.996,0.377,0.332,0.408,0.886,0.873,0.815,0.82,0.932,0.881,0.991,0.907,0.916,0.956,0.975,0.979,0.907,0.932,1,0.89,0.846,0.971,0.903,0.907,0.912,0.991,0.996,0.983,0.918,0.979,0.991,0.953,0.282,0.344,0.343,0.285,0.85,0.996,0.972,0.992,1,0.935,0.859,0.983,0.956,0.324,0.815
0.926,0.891,0.924,0.945,0.939,0.906,0.92,0.921,0.928,0.934,0.905,0.941,0.931,0.922,0.932,0.933,0.926,0.952,0.918,0.916,0.914,0.942,0.882,0.904,0.928,0.913,0.94,0.891,0.933,0.931,0.887,0.923,0.933,0.969,0.958,0.939,0.951,0.969,0.959,0.923,0.926,0.886,0.88,0.92,0.881,0.943,0.876,0.968,0.913,0.984,0.943,0.937,0.938,0.839,0.882,0.881,0.898,0.837,0.903,0.985,0.913,0.908,0.872,0.975,0.942,0.884,0.884,0.986,0.878,0.923,0.935,0.917,0.936,0.896,0.969,0.984,0.877,0.891,0.935,0.985,0.958,0.926,0.942,0.939,0.933,0.881,0.968,0.877,0.962,0.935,1,0.862,0.939,0.92,0.935,0.938
0.852,0.864,0.957,0.887,0.929,0.845,0.851,0.911,0.954,0.845,0.834,0.96,0.861,0.865,0.85,0.916,0.827,0.978,0.958,0.891,0.846,0.87,0.855,0.822,0.856,0.838,0.862,0.854,0.862,0.846,0.891,0.835,0.866,0.937,0.948,0.954,0.953,0.937,0.956,0.821,0.838,0.847,0.835,0.867,0.894,0.944,0.856,0.989,0.85,0.994,0.875,0.862,0.873,0.875,0.847,0.806,0.809,0.887,0.863,0.989,0.897,0.908,0.897,0.958,0.973,0.798,0.897,0.989,0.848,0.928,0.958,0.927,0.907,0.87,0.989,0.994,0.967,0.838,0.969,0.995,0.952,0.854,0.865,0.868,0.856,0.792,0.989,0.939,0.979,0.859,0.862,1,0.978,0.94,0.855,0.831
0.995,0.979,0.981,0.996,0.985,0.981,0.986,0.991,0.953,0.986,0.982,0.978,0.994,0.995,0.992,0.993,0.987,0.952,0.93,0.992,0.983,0.99,0.981,0.984,0.992,0.98,0.988,0.976,0.982,0.994,0.989,0.984,0.988,0.991,0.962,0.982,0.979,0.99,0.986,0.991,0.992,0.978,0.986,0.986,0.987,0.993,0.969,0.947,0.973,0.947,0.99,0.991,0.992,0.968,0.974,0.987,0.98,0.963,0.993,0.905,0.983,0.99,0.94,0.943,1,0.992,0.972,0.963,0.943,0.962,0.973,0.958,0.98,0.942,0.955,0.944,0.926,0.97,0.914,0.952,0.88,0.986,0.985,0.987,0.99,0.985,0.95,0.956,0.943,0.983,0.939,0.978,1,0.864,0.985,0.995
0.977,0.975,0.987,0.975,0.986,0.974,0.98,0.952,0.97,0.971,0.959,0.971,0.973,0.983,0.972,0.97,0.959,0.978,0.963,0.972,0.975,0.984,0.969,0.972,0.976,0.95,0.97,0.973,0.975,0.969,0.956,0.975,0.985,0.976,0.95,0.962,0.951,0.984,0.974,0.971,0.976,0.969,0.963,0.982,0.959,0.981,0.958,0.977,0.967,0.977,0.966,0.963,0.964,0.927,0.935,0.973,0.952,0.933,0.955,0.956,0.956,0.975,0.973,0.948,1,0.941,0.945,0.98,0.954,0.956,0.984,0.935,0.965,0.957,0.956,0.976,0.94,0.966,0.984,0.978,0.889,0.957,0.957,0.96,0.96,0.954,0.977,0.956,0.983,0.956,0.92,0.94,0.864,1,0.953,0.978
0.87,0.903,0.961,0.885,0.932,0.858,0.871,0.912,0.964,0.857,0.857,0.979,0.848,0.891,0.861,0.922,0.843,0.988,0.962,0.897,0.863,0.87,0.899,0.856,0.872,0.85,0.861,0.885,0.88,0.864,0.916,0.867,0.887,0.934,0.965,0.955,0.94,0.932,0.946,0.844,0.847,0.883,0.877,0.894,0.911,0.959,0.878,0.996,0.873,0.996,0.385,0.32,0.389,0.906,0.875,0.82,0.847,0.935,0.881,0.992,0.918,0.913,0.961,0.974,0.977,0.895,0.904,0.996,0.883,0.809,0.967,0.906,0.909,0.913,0.992,0.996,0.977,0.915,0.982,0.988,0.947,0.279,0.332,0.325,0.288,0.864,0.992,0.971,0.993,0.324,0.935,0.855,0.985,0.953,1,0.811
0.839,0.873,0.961,0.877,0.94,0.853,0.852,0.898,0.973,0.863,0.858,0.969,0.84,0.862,0.839,0.919,0.852,1,0.967,0.877,0.851,0.863,0.899,0.863,0.865,0.84,0.858,0.879,0.868,0.855,0.902,0.845,0.862,0.948,0.961,0.962,0.96,0.954,0.947,0.846,0.861,0.876,0.877,0.867,0.922,0.955,0.896,1,0.885,1,0.823,0.778,0.826,0.899,0.867,0.813,0.826,0.92,0.882,1,0.91,0.904,0.938,0.982,0.961,0.899,0.919,0.995,0.863,0.868,0.953,0.921,0.904,0.898,0.995,1,0.971,0.9,0.982,1,0.975,0.796,0.811,0.82,0.798,0.802,1,0.964,0.995,0.815,0.938,0.831,0.995,0.978,0.811,1
