IFC2X2_FINAL.xsd,LandXML-1.1.xsd,SWE_basicTypes.xsd,StreetAddressDataStandard.xsd,ansi-nist.xsd,ansi_d20.xsd,apco.xsd,appinfo.xsd,applicationSchema.xsd,atf.xsd,basicTypes.xsd,cap.xsd,catalogues.xsd,census.xsd,citation.xsd,codelistItem.xsd,commonObservation.xsd,configuration.xsd,constraints.xsd,content.xsd,context.xsd,crsItem.xsd,data.xsd,dataQuality.xsd,de.xsd,dea.xsd,discreteCoverage.xsd,distribution.xsd,dod_jcs-pub2.0-misc.xsd,edxl-cap.xsd,edxl-de.xsd,edxl.xsd,emergencyManagement.xsd,event.xsd,ex.xsd,extendedTypes.xsd,extent.xsd,fbi.xsd,filter.xsd,fips_10-4.xsd,fips_5-2.xsd,fips_6-4.xsd,freeText.xsd,gco.xsd,gcoBase.xsd,geometry.xsd,geospatial.xsd,gmd.xsd,gml.xsd,gmx.xsd,gmxUsage.xsd,gsr.xsd,gss.xsd,gts.xsd,have.xsd,hazmat.xsd,identification.xsd,immigration.xsd,infrastructureProtection.xsd,intelligence.xsd,internationalTrade.xsd,iso_3166.xsd,iso_4217.xsd,iso_639-3.xsd,itis.xsd,jxdm.xsd,lasd.xsd,maintenance.xsd,metadataApplication.xsd,metadataEntity.xsd,metadataExtension.xsd,mmucc_2.xsd,mn_offense.xsd,mobileObject.xsd,multiModalRoute.xsd,nga.xsd,niem-core.xsd,nlets.xsd,nonauthoritative-code.xsd,observation.xsd,observationSpecializations.xsd,ols.xsd,om.xsd,ows.xsd,parameters.xsd,phenomenon.xsd,portrayalCatalogue.xsd,positionData.xsd,post-canada.xsd,procedure.xsd,procedureSpecializations.xsd,record.xsd,recordType.xsd,referenceSystem.xsd,sar.xsd,screening.xsd,simpleTypeDerivation.xsd,sld.xsd,spatialReferencing.xsd,spatialRepresentation.xsd,structures.xsd,swe.xsd,sweCommon.xsd,temporalAggregates.xsd,temporalObjects.xsd,twpdes.xsd,ucr.xsd,unece_rec20-misc.xsd,uomItem.xsd,usps_states.xsd,ut_offender-tracking-misc.xsd,wfs.xsd,xlinks.xsd,xml.xsd,xsd.xsd,,IFC2X2_FINAL.xsd,LandXML-1.1.xsd,SWE_basicTypes.xsd,StreetAddressDataStandard.xsd,ansi-nist.xsd,ansi_d20.xsd,apco.xsd,appinfo.xsd,applicationSchema.xsd,atf.xsd,basicTypes.xsd,cap.xsd,catalogues.xsd,census.xsd,citation.xsd,codelistItem.xsd,commonObservation.xsd,configuration.xsd,constraints.xsd,content.xsd,context.xsd,crsItem.xsd,data.xsd,dataQuality.xsd,de.xsd,dea.xsd,discreteCoverage.xsd,distribution.xsd,dod_jcs-pub2.0-misc.xsd,edxl-cap.xsd,edxl-de.xsd,edxl.xsd,emergencyManagement.xsd,event.xsd,ex.xsd,extendedTypes.xsd,extent.xsd,fbi.xsd,filter.xsd,fips_10-4.xsd,fips_5-2.xsd,fips_6-4.xsd,freeText.xsd,gco.xsd,gcoBase.xsd,geometry.xsd,geospatial.xsd,gmd.xsd,gml.xsd,gmx.xsd,gmxUsage.xsd,gsr.xsd,gss.xsd,gts.xsd,have.xsd,hazmat.xsd,identification.xsd,immigration.xsd,infrastructureProtection.xsd,intelligence.xsd,internationalTrade.xsd,iso_3166.xsd,iso_4217.xsd,iso_639-3.xsd,itis.xsd,jxdm.xsd,lasd.xsd,maintenance.xsd,metadataApplication.xsd,metadataEntity.xsd,metadataExtension.xsd,mmucc_2.xsd,mn_offense.xsd,mobileObject.xsd,multiModalRoute.xsd,nga.xsd,niem-core.xsd,nlets.xsd,nonauthoritative-code.xsd,observation.xsd,observationSpecializations.xsd,ols.xsd,om.xsd,ows.xsd,parameters.xsd,phenomenon.xsd,portrayalCatalogue.xsd,positionData.xsd,post-canada.xsd,procedure.xsd,procedureSpecializations.xsd,record.xsd,recordType.xsd,referenceSystem.xsd,sar.xsd,screening.xsd,simpleTypeDerivation.xsd,sld.xsd,spatialReferencing.xsd,spatialRepresentation.xsd,structures.xsd,swe.xsd,sweCommon.xsd,temporalAggregates.xsd,temporalObjects.xsd,twpdes.xsd,ucr.xsd,unece_rec20-misc.xsd,uomItem.xsd,usps_states.xsd,ut_offender-tracking-misc.xsd,wfs.xsd,xlinks.xsd,xml.xsd,xsd.xsd
0,0.001,0,0.002,0,0,0,0,0,0,0.005,0,0,0,0,0,0,0,0,0,0.093,0,0,0,0,0,0,0,0,0,0,0,0.001,0,0.004,0,0,0,0.003,0,0,0,0.002,0,0,0,0.008,0,0.002,0,0,0,0,0,0,0,0,0,0.001,0,0,0,0,0,0,0,0,0,0,0,0,0,0,0,0,0,0.001,0,0,0,0,0.009,0,0.014,0.002,0,0,0.024,0,0,0,0.004,0.001,0,0,0,0,0.064,0,0,0,0,0,0,0,0,0,0,0,0,0,0.065,0,0,0,,1,0.999,1,0.998,1,1,1,1,1,1,0.995,1,1,1,1,1,1,1,1,1,0.907,1,1,1,1,1,1,1,1,1,1,1,0.999,1,0.996,1,1,1,0.997,1,1,1,0.998,1,1,1,0.992,1,0.998,1,1,1,1,1,1,1,1,1,0.999,1,1,1,1,1,1,1,1,1,1,1,1,1,1,1,1,1,0.999,1,1,1,1,0.991,1,0.986,0.998,1,1,0.976,1,1,1,0.996,0.999,1,1,1,1,0.936,1,1,1,1,1,1,1,1,1,1,1,1,1,0.935,1,1,1
0.001,0,0.065,0.017,0,0,0,0.329,0.14,0,0,0.05,0.082,0,0.116,0,0,0.192,0,0.006,0.071,0,0.04,0.02,0.029,0,0.099,0.13,0,0,0,0,0.004,0.003,0.076,0.018,0,0.005,0.078,0,0,0,0.027,0,0.019,0,0.004,0,0.027,0,0.007,0,0,0,0,0,0.019,0.001,0,0.002,0.003,0.004,0,0.011,0,0.004,0,0.05,0,0.001,0.091,0,0,0.025,0,0,0.011,0,0.005,0.001,0,0.09,0,0.132,0.135,0,0,0.198,0,0,0,0,0,0.115,0,0.002,0.235,0.069,0,0,0.021,0,0,0,0,0,0,0,0,0,0,0.021,0.055,0.022,0.004,,0.999,1,0.935,0.983,1,1,1,0.671,0.86,1,1,0.95,0.918,1,0.884,1,1,0.808,1,0.994,0.929,1,0.96,0.98,0.971,1,0.901,0.87,1,1,1,1,0.996,0.997,0.924,0.982,1,0.995,0.922,1,1,1,0.973,1,0.981,1,0.996,1,0.973,1,0.993,1,1,1,1,1,0.981,0.999,1,0.998,0.997,0.996,1,0.989,1,0.996,1,0.95,1,0.999,0.909,1,1,0.975,1,1,0.989,1,0.995,0.999,1,0.91,1,0.868,0.865,1,1,0.802,1,1,1,1,1,0.885,1,0.998,0.765,0.931,1,1,0.979,1,1,1,1,1,1,1,1,1,1,0.979,0.945,0.978,0.996
0,0.065,0,0,0,0,0,0.055,0,0,0,0.045,0,0,0,0.114,0,0,0,0,0,0.077,0,0.029,0.045,0,0.165,0,0,0,0,0,0,0,0,0,0,0,0,0,0,0,0,0,0.08,0,0,0,0.118,0,0,0,0,0,0,0,0,0,0,0,0,0,0,0,0,0,0,0,0,0,0,0,0,0,0,0,0,0,0,0,0,0.033,0,0.025,0.039,0,0,0,0,0,0,0,0.06,0.075,0,0,0.13,0,0,0,0,0,0,0.027,0,0,0,0,0.054,0,0,0.036,0,0,0,,1,0.935,1,1,1,1,1,0.945,1,1,1,0.955,1,1,1,0.886,1,1,1,1,1,0.923,1,0.971,0.955,1,0.835,1,1,1,1,1,1,1,1,1,1,1,1,1,1,1,1,1,0.92,1,1,1,0.882,1,1,1,1,1,1,1,1,1,1,1,1,1,1,1,1,1,1,1,1,1,1,1,1,1,1,1,1,1,1,1,1,0.967,1,0.975,0.961,1,1,1,1,1,1,1,0.94,0.925,1,1,0.87,1,1,1,1,1,1,0.973,1,1,1,1,0.946,1,1,0.964,1,1,1
0.002,0.017,0,0,0.003,0,0,0,0,0,0,0.009,0,0,0.07,0,0,0.007,0,0,0.021,0,0.032,0,0,0,0.065,0,0,0,0,0,0.062,0,0.085,0,0,0.07,0.022,0,0,0,0,0,0,0,0.014,0,0.174,0,0,0,0,0,0,0,0,0.018,0,0.022,0.027,0.059,0,0.147,0,0.056,0,0,0.023,0.02,0,0,0,0.188,0,0,0.157,0,0.096,0,0,0.064,0,0.232,0.012,0.071,0,0,0,0.026,0,0,0,0.089,0,0.024,0,0.03,0,0,0,0,0,0,0,0.012,0,0,0,0,0,0.145,0.032,0.106,0,,0.998,0.983,1,1,0.997,1,1,1,1,1,1,0.991,1,1,0.93,1,1,0.993,1,1,0.979,1,0.968,1,1,1,0.935,1,1,1,1,1,0.938,1,0.915,1,1,0.93,0.978,1,1,1,1,1,1,1,0.986,1,0.826,1,1,1,1,1,1,1,1,0.982,1,0.978,0.973,0.941,1,0.853,1,0.944,1,1,0.977,0.98,1,1,1,0.812,1,1,0.843,1,0.904,1,1,0.936,1,0.768,0.988,0.929,1,1,1,0.974,1,1,1,0.911,1,0.976,1,0.97,1,1,1,1,1,1,1,0.988,1,1,1,1,1,0.855,0.968,0.894,1
0,0,0,0.003,0,0.968,0.902,0.001,0,0.919,0.002,0,0,0.872,0,0,0,0,0,0,0,0,0,0,0,0.796,0,0,0.796,0.368,0.368,0.872,0.854,0,0,0,0,0.958,0,0.872,0.872,0.796,0,0,0,0,0.846,0,0.001,0,0,0,0,0,0.955,0.796,0,0.871,0.517,0.617,0.35,0.893,0.796,0.74,0.872,0.573,0.872,0,0,0,0,0.972,0.902,0.004,0,0.796,0.724,0.902,0.808,0,0,0.002,0,0.002,0,0,0,0,0.796,0,0,0.007,0.001,0,0.902,0.953,0,0,0,0,0.265,0,0,0,0,0.913,0.796,0.919,0,0.796,0.925,0.003,0,0,0.946,,1,1,1,0.997,1,0.032,0.098,0.999,1,0.081,0.998,1,1,0.128,1,1,1,1,1,1,1,1,1,1,1,0.204,1,1,0.204,0.632,0.632,0.128,0.146,1,1,1,1,0.042,1,0.128,0.128,0.204,1,1,1,1,0.154,1,0.999,1,1,1,1,1,0.045,0.204,1,0.129,0.483,0.383,0.65,0.107,0.204,0.26,0.128,0.427,0.128,1,1,1,1,0.028,0.098,0.996,1,0.204,0.276,0.098,0.192,1,1,0.998,1,0.998,1,1,1,1,0.204,1,1,0.993,0.999,1,0.098,0.047,1,1,1,1,0.735,1,1,1,1,0.087,0.204,0.081,1,0.204,0.075,0.997,1,1,0.054
0,0,0,0,0.968,0,0.919,0,0,0.936,0,0,0,0.888,0,0,0,0,0,0,0,0,0,0,0,0.811,0,0,0.811,0.375,0.375,0.888,0.867,0,0,0,0,0.974,0,0.888,0.888,0.811,0,0,0,0,0.861,0,0,0,0,0,0,0,0.973,0.811,0,0.884,0.527,0.621,0.349,0.909,0.811,0.751,0.888,0.576,0.888,0,0,0,0,0.99,0.919,0,0,0.811,0.733,0.919,0.822,0,0,0,0,0,0,0,0,0,0.811,0,0,0,0,0,0.919,0.968,0,0,0,0,0.265,0,0,0,0,0.93,0.811,0.936,0,0.811,0.942,0,0,0,0.963,,1,1,1,1,0.032,1,0.081,1,1,0.064,1,1,1,0.112,1,1,1,1,1,1,1,1,1,1,1,0.189,1,1,0.189,0.625,0.625,0.112,0.133,1,1,1,1,0.026,1,0.112,0.112,0.189,1,1,1,1,0.139,1,1,1,1,1,1,1,0.027,0.189,1,0.116,0.473,0.379,0.651,0.091,0.189,0.249,0.112,0.424,0.112,1,1,1,1,0.01,0.081,1,1,0.189,0.267,0.081,0.178,1,1,1,1,1,1,1,1,1,0.189,1,1,1,1,1,0.081,0.032,1,1,1,1,0.735,1,1,1,1,0.07,0.189,0.064,1,0.189,0.058,1,1,1,0.037
0,0,0,0,0.902,0.919,0,0,0,0.873,0,0,0,0.828,0,0,0,0,0,0,0,0,0,0,0,0.756,0,0,0.756,0.35,0.35,0.828,0.808,0,0,0,0,0.908,0,0.828,0.828,0.756,0,0,0,0,0.803,0,0,0,0,0,0,0,0.907,0.756,0,0.824,0.491,0.579,0.326,0.847,0.756,0.7,0.828,0.537,0.828,0,0,0,0,0.923,0.857,0,0,0.756,0.683,0.857,0.766,0,0,0,0,0,0,0,0,0,0.756,0,0,0,0,0,0.857,0.902,0,0,0,0,0.247,0,0,0,0,0.867,0.756,0.873,0,0.756,0.879,0,0,0,0.898,,1,1,1,1,0.098,0.081,1,1,1,0.127,1,1,1,0.172,1,1,1,1,1,1,1,1,1,1,1,0.244,1,1,0.244,0.65,0.65,0.172,0.192,1,1,1,1,0.092,1,0.172,0.172,0.244,1,1,1,1,0.197,1,1,1,1,1,1,1,0.093,0.244,1,0.176,0.509,0.421,0.674,0.153,0.244,0.3,0.172,0.463,0.172,1,1,1,1,0.077,0.143,1,1,0.244,0.317,0.143,0.234,1,1,1,1,1,1,1,1,1,0.244,1,1,1,1,1,0.143,0.098,1,1,1,1,0.753,1,1,1,1,0.133,0.244,0.127,1,0.244,0.121,1,1,1,0.102
0,0.329,0.055,0,0.001,0,0,0,0.211,0,0,0.023,0.12,0,0.144,0,0,0.257,0,0,0.054,0,0,0.015,0.023,0,0.084,0.183,0,0,0,0,0.005,0,0.073,0,0,0.002,0.116,0,0,0,0,0,0,0,0,0,0.031,0,0,0,0,0,0,0,0,0,0,0,0,0,0,0,0,0.002,0,0,0,0,0.131,0,0,0,0,0,0.001,0,0,0,0,0.099,0,0.102,0.136,0,0,0.267,0,0,0,0,0,0.153,0,0,0.263,0.062,0,0,0,0,0,0,0,0,0,0,0,0,0,0,0,0,0,,1,0.671,0.945,1,0.999,1,1,1,0.789,1,1,0.977,0.88,1,0.856,1,1,0.743,1,1,0.946,1,1,0.985,0.977,1,0.916,0.817,1,1,1,1,0.995,1,0.927,1,1,0.998,0.884,1,1,1,1,1,1,1,1,1,0.969,1,1,1,1,1,1,1,1,1,1,1,1,1,1,1,1,0.998,1,1,1,1,0.869,1,1,1,1,1,0.999,1,1,1,1,0.901,1,0.898,0.864,1,1,0.733,1,1,1,1,1,0.847,1,1,0.737,0.938,1,1,1,1,1,1,1,1,1,1,1,1,1,1,1,1,1
0,0.14,0,0,0,0,0,0.211,0,0,0,0,0.057,0,0.068,0,0,0.122,0,0,0.026,0,0,0,0,0,0,0.087,0,0,0,0,0,0,0.035,0,0,0,0.055,0,0,0,0,0,0,0,0,0,0.01,0,0,0,0,0,0,0,0,0,0,0,0,0,0,0,0,0,0,0,0,0,0.062,0,0,0,0,0,0,0,0,0,0,0.031,0,0.048,0.061,0,0,0.126,0,0,0,0,0,0.073,0,0,0.093,0.029,0,0,0,0,0,0,0,0,0,0,0,0,0,0,0,0,0,,1,0.86,1,1,1,1,1,0.789,1,1,1,1,0.943,1,0.932,1,1,0.878,1,1,0.974,1,1,1,1,1,1,0.913,1,1,1,1,1,1,0.965,1,1,1,0.945,1,1,1,1,1,1,1,1,1,0.99,1,1,1,1,1,1,1,1,1,1,1,1,1,1,1,1,1,1,1,1,1,0.938,1,1,1,1,1,1,1,1,1,1,0.969,1,0.952,0.939,1,1,0.874,1,1,1,1,1,0.927,1,1,0.907,0.971,1,1,1,1,1,1,1,1,1,1,1,1,1,1,1,1,1
0,0,0,0,0.919,0.936,0.873,0,0,0,0,0,0,0.843,0,0,0,0,0,0,0,0,0,0,0,0.77,0,0,0.77,0.356,0.356,0.843,0.823,0,0,0,0,0.925,0,0.843,0.843,0.77,0,0,0,0,0.818,0,0,0,0,0,0,0,0.924,0.77,0,0.839,0.5,0.59,0.332,0.863,0.77,0.713,0.843,0.547,0.843,0,0,0,0,0.94,0.873,0,0,0.77,0.696,0.873,0.78,0,0,0,0,0,0,0,0,0,0.77,0,0,0,0,0,0.873,0.919,0,0,0,0,0.252,0,0,0,0,0.883,0.77,0.889,0,0.77,0.895,0,0,0,0.915,,1,1,1,1,0.081,0.064,0.127,1,1,1,1,1,1,0.157,1,1,1,1,1,1,1,1,1,1,1,0.23,1,1,0.23,0.644,0.644,0.157,0.177,1,1,1,1,0.075,1,0.157,0.157,0.23,1,1,1,1,0.182,1,1,1,1,1,1,1,0.076,0.23,1,0.161,0.5,0.41,0.668,0.137,0.23,0.287,0.157,0.453,0.157,1,1,1,1,0.06,0.127,1,1,0.23,0.304,0.127,0.22,1,1,1,1,1,1,1,1,1,0.23,1,1,1,1,1,0.127,0.081,1,1,1,1,0.748,1,1,1,1,0.117,0.23,0.111,1,0.23,0.105,1,1,1,0.085
0.005,0,0,0,0.002,0,0,0,0,0,0,0,0,0,0,0,0,0,0,0,0,0,0,0,0,0,0,0,0,0,0,0,0,0,0.013,0.035,0,0,0.01,0,0,0,0,0,0,0,0.003,0,0.004,0,0,0,0,0,0,0,0,0,0,0,0,0,0,0,0,0,0,0,0,0,0,0,0,0,0,0,0.004,0,0,0,0.008,0,0,0,0.006,0,0,0,0,0,0,0.103,0.021,0,0,0,0,0,0,0,0,0,0,0,0,0,0,0,0,0,0,0.006,0,0,0,,0.995,1,1,1,0.998,1,1,1,1,1,1,1,1,1,1,1,1,1,1,1,1,1,1,1,1,1,1,1,1,1,1,1,1,1,0.987,0.965,1,1,0.99,1,1,1,1,1,1,1,0.997,1,0.996,1,1,1,1,1,1,1,1,1,1,1,1,1,1,1,1,1,1,1,1,1,1,1,1,1,1,1,0.996,1,1,1,0.992,1,1,1,0.994,1,1,1,1,1,1,0.897,0.979,1,1,1,1,1,1,1,1,1,1,1,1,1,1,1,1,1,1,0.994,1,1,1
0,0.05,0.045,0.009,0,0,0,0.023,0,0,0,0,0.073,0,0.059,0,0,0,0,0.019,0,0,0.017,0.072,0.224,0,0.068,0,0,0.206,0.206,0,0,0,0.015,0,0.043,0,0,0,0,0,0.027,0,0,0,0.004,0,0.017,0,0,0,0,0,0,0,0.03,0,0,0,0,0,0,0,0,0,0,0.028,0,0.042,0.027,0,0,0,0,0,0.004,0,0,0.027,0,0.094,0,0,0.007,0,0,0.027,0,0,0,0,0,0.031,0,0,0.094,0,0,0,0,0,0,0,0,0,0,0,0,0,0,0.007,0,0,0,,1,0.95,0.955,0.991,1,1,1,0.977,1,1,1,1,0.927,1,0.941,1,1,1,1,0.981,1,1,0.983,0.928,0.776,1,0.932,1,1,0.794,0.794,1,1,1,0.985,1,0.957,1,1,1,1,1,0.973,1,1,1,0.996,1,0.983,1,1,1,1,1,1,1,0.97,1,1,1,1,1,1,1,1,1,1,0.972,1,0.958,0.973,1,1,1,1,1,0.996,1,1,0.973,1,0.906,1,1,0.993,1,1,0.973,1,1,1,1,1,0.969,1,1,0.906,1,1,1,1,1,1,1,1,1,1,1,1,1,1,0.993,1,1,1
0,0.082,0,0,0,0,0,0.12,0.057,0,0,0.073,0,0,0.039,0.063,0,0.069,0,0.025,0.015,0.042,0,0.016,0.025,0,0,0.049,0,0,0,0,0,0,0.02,0,0,0,0.031,0,0,0,0.035,0,0,0,0,0,0.011,0,0,0,0,0,0,0,0.039,0,0,0,0,0,0,0,0,0,0,0,0,0.082,0.035,0,0,0,0,0,0,0,0,0,0,0.018,0,0.055,0.043,0,0,0.072,0,0,0,0,0,0.041,0,0,0.053,0.017,0,0,0,0,0,0,0,0,0,0,0.03,0,0,0,0,0,0,,1,0.918,1,1,1,1,1,0.88,0.943,1,1,0.927,1,1,0.961,0.937,1,0.931,1,0.975,0.985,0.958,1,0.984,0.975,1,1,0.951,1,1,1,1,1,1,0.98,1,1,1,0.969,1,1,1,0.965,1,1,1,1,1,0.989,1,1,1,1,1,1,1,0.961,1,1,1,1,1,1,1,1,1,1,1,1,0.918,0.965,1,1,1,1,1,1,1,1,1,1,0.982,1,0.945,0.957,1,1,0.928,1,1,1,1,1,0.959,1,1,0.947,0.983,1,1,1,1,1,1,1,1,1,1,0.97,1,1,1,1,1,1
0,0,0,0,0.872,0.888,0.828,0,0,0.843,0,0,0,0,0,0,0,0,0,0,0,0,0,0,0,0.73,0,0,0.73,0.338,0.338,0.8,0.781,0,0,0,0,0.878,0,0.8,0.8,0.73,0,0,0,0,0.776,0,0,0,0,0,0,0,0.876,0.73,0,0.796,0.474,0.56,0.315,0.818,0.73,0.676,0.8,0.519,0.8,0,0,0,0,0.892,0.828,0,0,0.73,0.66,0.828,0.74,0,0,0,0,0,0,0,0,0,0.73,0,0,0,0,0,0.828,0.873,0,0,0,0,0.239,0,0,0,0,0.838,0.73,0.843,0,0.73,0.849,0,0,0,0.868,,1,1,1,1,0.128,0.112,0.172,1,1,0.157,1,1,1,1,1,1,1,1,1,1,1,1,1,1,1,0.27,1,1,0.27,0.662,0.662,0.2,0.219,1,1,1,1,0.122,1,0.2,0.2,0.27,1,1,1,1,0.224,1,1,1,1,1,1,1,0.124,0.27,1,0.204,0.526,0.44,0.685,0.182,0.27,0.324,0.2,0.481,0.2,1,1,1,1,0.108,0.172,1,1,0.27,0.34,0.172,0.26,1,1,1,1,1,1,1,1,1,0.27,1,1,1,1,1,0.172,0.127,1,1,1,1,0.761,1,1,1,1,0.162,0.27,0.157,1,0.27,0.151,1,1,1,0.132
0,0.116,0,0.07,0,0,0,0.144,0.068,0,0,0.059,0.039,0,0,0,0,0.083,0,0,0.035,0,0.013,0.019,0.015,0,0,0.059,0,0,0,0,0,0,0.059,0,0.017,0,0.047,0,0,0,0.085,0,0,0,0,0,0.04,0,0,0,0,0,0,0,0,0,0,0,0,0,0,0,0,0.001,0,0,0,0.016,0.042,0,0,0,0,0,0.004,0,0,0,0,0.064,0,0.074,0.052,0,0,0.086,0,0,0,0,0,0.173,0,0,0.064,0.03,0,0,0,0,0,0,0,0,0,0,0,0,0,0.012,0.04,0,0.013,,1,0.884,1,0.93,1,1,1,0.856,0.932,1,1,0.941,0.961,1,1,1,1,0.917,1,1,0.965,1,0.987,0.981,0.985,1,1,0.941,1,1,1,1,1,1,0.941,1,0.983,1,0.953,1,1,1,0.915,1,1,1,1,1,0.96,1,1,1,1,1,1,1,1,1,1,1,1,1,1,1,1,0.999,1,1,1,0.984,0.958,1,1,1,1,1,0.996,1,1,1,1,0.936,1,0.926,0.948,1,1,0.914,1,1,1,1,1,0.827,1,1,0.936,0.97,1,1,1,1,1,1,1,1,1,1,1,1,1,0.988,0.96,1,0.987
0,0,0.114,0,0,0,0,0,0,0,0,0,0.063,0,0,0,0,0,0,0,0,0.474,0,0,0,0,0,0,0,0,0,0,0,0,0,0,0,0,0,0,0,0,0.068,0,0.084,0,0,0,0.076,0,0,0,0,0,0,0,0,0,0,0,0,0,0,0,0,0,0,0,0,0.053,0,0,0,0,0,0,0,0,0,0,0,0,0,0.027,0,0,0,0,0,0,0,0,0,0.08,0,0,0,0,0,0,0,0,0,0,0,0,0,0,0.343,0,0,0,0,0,0,,1,1,0.886,1,1,1,1,1,1,1,1,1,0.937,1,1,1,1,1,1,1,1,0.526,1,1,1,1,1,1,1,1,1,1,1,1,1,1,1,1,1,1,1,1,0.932,1,0.916,1,1,1,0.924,1,1,1,1,1,1,1,1,1,1,1,1,1,1,1,1,1,1,1,1,0.947,1,1,1,1,1,1,1,1,1,1,1,1,1,0.973,1,1,1,1,1,1,1,1,1,0.92,1,1,1,1,1,1,1,1,1,1,1,1,1,1,0.657,1,1,1,1,1,1
0,0,0,0,0,0,0,0,0,0,0,0,0,0,0,0,0,0,0,0,0,0,0,0.044,0,0,0,0,0,0,0,0,0,0,0,0,0,0,0,0,0,0,0,0,0,0,0.013,0,0,0,0,0,0,0,0,0,0,0,0,0,0,0,0,0,0,0,0,0,0,0,0,0,0,0,0,0,0,0,0,0.3,0.657,0,0,0,0,0,0,0,0,0,0,0,0,0,0,0,0,0,0,0,0,0,0,0,0,0,0,0,0,0,0,0,0,0,0,,1,1,1,1,1,1,1,1,1,1,1,1,1,1,1,1,1,1,1,1,1,1,1,0.956,1,1,1,1,1,1,1,1,1,1,1,1,1,1,1,1,1,1,1,1,1,1,0.987,1,1,1,1,1,1,1,1,1,1,1,1,1,1,1,1,1,1,1,1,1,1,1,1,1,1,1,1,1,1,1,1,0.7,0.343,1,1,1,1,1,1,1,1,1,1,1,1,1,1,1,1,1,1,1,1,1,1,1,1,1,1,1,1,1,1,1,1,1,1
0,0.192,0,0.007,0,0,0,0.257,0.122,0,0,0,0.069,0,0.083,0,0,0,0,0,0.036,0,0.028,0,0,0,0,0.106,0,0,0,0,0,0,0.072,0.017,0,0.001,0.067,0,0,0,0.011,0,0.013,0,0,0,0.029,0,0,0,0,0,0,0,0.006,0,0,0,0,0,0,0,0,0,0,0.011,0,0,0.076,0,0,0,0,0,0.001,0,0,0.011,0,0.049,0,0.071,0.1,0,0,0.154,0,0,0,0,0,0.088,0,0,0.125,0.041,0,0,0.015,0,0,0,0,0,0,0,0,0,0,0.003,0.047,0.011,0,,1,0.808,1,0.993,1,1,1,0.743,0.878,1,1,1,0.931,1,0.917,1,1,1,1,1,0.964,1,0.972,1,1,1,1,0.894,1,1,1,1,1,1,0.928,0.983,1,0.999,0.933,1,1,1,0.989,1,0.987,1,1,1,0.971,1,1,1,1,1,1,1,0.994,1,1,1,1,1,1,1,1,1,1,0.989,1,1,0.924,1,1,1,1,1,0.999,1,1,0.989,1,0.951,1,0.929,0.9,1,1,0.846,1,1,1,1,1,0.912,1,1,0.875,0.959,1,1,0.985,1,1,1,1,1,1,1,1,1,1,0.997,0.953,0.989,1
0,0,0,0,0,0,0,0,0,0,0,0,0,0,0,0,0,0,0,0,0,0,0,0,0,0,0,0,0,0,0,0,0,0,0,0,0,0,0,0,0,0,0,0,0,0,0,0,0,0,0,0,0,0,0,0,0,0,0,0,0,0,0,0,0,0,0,0,0,0,0,0,0,0,0,0,0,0,0,0,0,0.022,0,0,0,0.08,0,0,0,0,0,0,0.04,0,0,0,0,0,0,0,0,0,0,0,0,0,0,0,0,0,0,0,0,0,0,,1,1,1,1,1,1,1,1,1,1,1,1,1,1,1,1,1,1,1,1,1,1,1,1,1,1,1,1,1,1,1,1,1,1,1,1,1,1,1,1,1,1,1,1,1,1,1,1,1,1,1,1,1,1,1,1,1,1,1,1,1,1,1,1,1,1,1,1,1,1,1,1,1,1,1,1,1,1,1,1,1,0.978,1,1,1,0.92,1,1,1,1,1,1,0.96,1,1,1,1,1,1,1,1,1,1,1,1,1,1,1,1,1,1,1,1,1,1
0,0.006,0,0,0,0,0,0,0,0,0,0.019,0.025,0,0,0,0,0,0,0,0.011,0,0,0,0.019,0,0,0,0,0,0,0,0,0,0,0,0,0,0.012,0,0,0,0,0,0,0,0,0,0.013,0,0.027,0,0,0,0,0,0.015,0,0,0,0,0,0,0,0,0,0,0,0,0.042,0,0,0,0,0,0,0,0,0,0,0,0,0,0.021,0,0.025,0,0,0,0,0,0,0,0,0,0,0,0,0,0,0,0,0,0,0,0,0,0,0,0,0,0,0,0,0,,1,0.994,1,1,1,1,1,1,1,1,1,0.981,0.975,1,1,1,1,1,1,1,0.989,1,1,1,0.981,1,1,1,1,1,1,1,1,1,1,1,1,1,0.988,1,1,1,1,1,1,1,1,1,0.987,1,0.973,1,1,1,1,1,0.985,1,1,1,1,1,1,1,1,1,1,1,1,0.958,1,1,1,1,1,1,1,1,1,1,1,1,1,0.979,1,0.975,1,1,1,1,1,1,1,1,1,1,1,1,1,1,1,1,1,1,1,1,1,1,1,1,1,1,1,1,1
0.093,0.071,0,0.021,0,0,0,0.054,0.026,0,0,0,0.015,0,0.035,0,0,0.036,0,0.011,0,0,0.051,0,0,0,0,0.044,0,0,0,0,0.002,0,0.053,0,0,0,0.028,0,0,0,0.032,0,0.02,0,0.006,0,0.035,0,0,0,0,0,0,0,0,0,0,0.005,0.011,0,0,0,0,0.002,0,0,0,0,0.016,0,0,0,0,0,0.008,0,0,0,0,0.016,0,0.173,0.058,0,0,0.032,0,0,0,0,0,0.056,0,0.001,0.04,0.165,0,0,0.022,0,0,0,0,0,0,0,0,0,0,0.146,0.02,0.017,0,,0.907,0.929,1,0.979,1,1,1,0.946,0.974,1,1,1,0.985,1,0.965,1,1,0.964,1,0.989,1,1,0.949,1,1,1,1,0.956,1,1,1,1,0.998,1,0.947,1,1,1,0.972,1,1,1,0.968,1,0.98,1,0.994,1,0.965,1,1,1,1,1,1,1,1,1,1,0.995,0.989,1,1,1,1,0.998,1,1,1,1,0.984,1,1,1,1,1,0.992,1,1,1,1,0.984,1,0.827,0.942,1,1,0.968,1,1,1,1,1,0.944,1,0.999,0.96,0.835,1,1,0.978,1,1,1,1,1,1,1,1,1,1,0.854,0.98,0.983,1
0,0,0.077,0,0,0,0,0,0,0,0,0,0.042,0,0,0.474,0,0,0,0,0,0,0,0,0,0,0,0,0,0,0,0,0,0,0,0,0,0,0,0,0,0,0.046,0,0.057,0,0,0,0.051,0,0,0,0,0,0,0,0,0,0,0,0,0,0,0,0,0,0,0,0,0.036,0,0,0,0,0,0,0,0,0,0,0,0,0,0.018,0,0,0,0,0,0,0,0,0,0.054,0,0,0,0,0,0,0,0,0,0,0,0,0,0,0.663,0,0,0,0,0,0,,1,1,0.923,1,1,1,1,1,1,1,1,1,0.958,1,1,0.526,1,1,1,1,1,1,1,1,1,1,1,1,1,1,1,1,1,1,1,1,1,1,1,1,1,1,0.954,1,0.943,1,1,1,0.949,1,1,1,1,1,1,1,1,1,1,1,1,1,1,1,1,1,1,1,1,0.964,1,1,1,1,1,1,1,1,1,1,1,1,1,0.982,1,1,1,1,1,1,1,1,1,0.946,1,1,1,1,1,1,1,1,1,1,1,1,1,1,0.337,1,1,1,1,1,1
0,0.04,0,0.032,0,0,0,0,0,0,0,0.017,0,0,0.013,0,0,0.028,0,0,0.051,0,0,0,0.017,0,0,0,0,0,0,0,0,0,0.177,0,0,0,0.011,0,0,0,0.098,0,0.121,0,0,0,0.051,0,0,0,0,0,0,0,0,0,0,0,0,0,0,0,0,0.003,0,0,0,0,0.025,0,0,0,0,0,0.001,0,0,0.025,0,0.012,0,0.029,0.276,0.046,0,0,0,0,0,0,0.046,0,0,0,0.099,0.023,0,0,0.134,0,0,0,0,0,0,0,0,0,0,0.007,0.015,0.102,0,,1,0.96,1,0.968,1,1,1,1,1,1,1,0.983,1,1,0.987,1,1,0.972,1,1,0.949,1,1,1,0.983,1,1,1,1,1,1,1,1,1,0.823,1,1,1,0.989,1,1,1,0.902,1,0.879,1,1,1,0.949,1,1,1,1,1,1,1,1,1,1,1,1,1,1,1,1,0.997,1,1,1,1,0.975,1,1,1,1,1,0.999,1,1,0.975,1,0.988,1,0.971,0.724,0.954,1,1,1,1,1,1,0.954,1,1,1,0.901,0.977,1,1,0.866,1,1,1,1,1,1,1,1,1,1,0.993,0.985,0.898,1
0,0.02,0.029,0,0,0,0,0.015,0,0,0,0.072,0.016,0,0.019,0,0.044,0,0,0,0,0,0,0,0.012,0,0.044,0.012,0,0,0,0,0,0,0.019,0,0.042,0,0,0,0,0,0.034,0,0,0,0,0,0.014,0,0,0,0,0,0,0,0.01,0,0,0,0,0,0,0,0,0,0,0,0,0,0.052,0,0,0,0,0,0,0,0,0.035,0.069,0.043,0,0,0.004,0,0,0,0,0,0,0,0,0,0,0,0.069,0,0,0,0,0,0,0.015,0,0,0,0,0,0,0,0,0,0,0.011,,1,0.98,0.971,1,1,1,1,0.985,1,1,1,0.928,0.984,1,0.981,1,0.956,1,1,1,1,1,1,1,0.988,1,0.956,0.988,1,1,1,1,1,1,0.981,1,0.958,1,1,1,1,1,0.966,1,1,1,1,1,0.986,1,1,1,1,1,1,1,0.99,1,1,1,1,1,1,1,1,1,1,1,1,1,0.948,1,1,1,1,1,1,1,1,0.965,0.931,0.957,1,1,0.996,1,1,1,1,1,1,1,1,1,1,1,0.931,1,1,1,1,1,1,0.985,1,1,1,1,1,1,1,1,1,1,0.989
0,0.029,0.045,0,0,0,0,0.023,0,0,0,0.224,0.025,0,0.015,0,0,0,0,0.019,0,0,0.017,0.012,0,0,0.069,0,0,0.208,0.208,0,0,0,0,0,0.022,0,0,0,0,0,0.027,0,0,0,0.004,0,0.004,0,0,0,0,0,0,0,0.03,0,0,0,0,0,0,0,0,0,0,0,0,0.021,0,0,0,0,0,0,0,0,0,0.027,0,0.027,0,0,0.007,0,0,0,0,0,0,0,0,0,0,0,0.054,0,0,0,0,0,0,0,0,0,0,0,0,0,0,0,0,0,0,,1,0.971,0.955,1,1,1,1,0.977,1,1,1,0.776,0.975,1,0.985,1,1,1,1,0.981,1,1,0.983,0.988,1,1,0.931,1,1,0.792,0.792,1,1,1,1,1,0.978,1,1,1,1,1,0.973,1,1,1,0.996,1,0.996,1,1,1,1,1,1,1,0.97,1,1,1,1,1,1,1,1,1,1,1,1,0.979,1,1,1,1,1,1,1,1,1,0.973,1,0.973,1,1,0.993,1,1,1,1,1,1,1,1,1,1,1,0.946,1,1,1,1,1,1,1,1,1,1,1,1,1,1,1,1,1,1
0,0,0,0,0.796,0.811,0.756,0,0,0.77,0,0,0,0.73,0,0,0,0,0,0,0,0,0,0,0,0,0,0,0.667,0.309,0.309,0.73,0.713,0,0,0,0,0.806,0,0.73,0.73,0.667,0,0,0,0,0.708,0,0,0,0,0,0,0,0.8,0.667,0,0.727,0.433,0.511,0.287,0.747,0.667,0.617,0.73,0.474,0.73,0,0,0,0,0.814,0.756,0,0,0.667,0.602,0.756,0.676,0,0,0,0,0,0,0,0,0,0.667,0,0,0,0,0,0.756,0.796,0,0,0,0,0.218,0,0,0,0,0.765,0.667,0.77,0,0.667,0.775,0,0,0,0.792,,1,1,1,1,0.204,0.189,0.244,1,1,0.23,1,1,1,0.27,1,1,1,1,1,1,1,1,1,1,1,1,1,1,0.333,0.691,0.691,0.27,0.287,1,1,1,1,0.194,1,0.27,0.27,0.333,1,1,1,1,0.292,1,1,1,1,1,1,1,0.2,0.333,1,0.273,0.567,0.489,0.713,0.253,0.333,0.383,0.27,0.526,0.27,1,1,1,1,0.186,0.244,1,1,0.333,0.398,0.244,0.324,1,1,1,1,1,1,1,1,1,0.333,1,1,1,1,1,0.244,0.204,1,1,1,1,0.782,1,1,1,1,0.235,0.333,0.23,1,0.333,0.225,1,1,1,0.208
0,0.099,0.165,0.065,0,0,0,0.084,0,0,0,0.068,0,0,0,0,0,0,0,0,0,0,0,0.044,0.069,0,0,0,0,0,0,0,0,0,0,0,0.02,0,0,0,0,0,0,0,0,0,0,0,0.047,0,0,0,0,0,0,0,0,0,0,0,0,0,0,0,0,0,0,0,0,0,0,0,0,0,0,0,0,0,0,0,0,0.05,0,0,0.024,0,0,0,0,0.102,0,0,0,0,0,0,0.198,0,0,0,0,0,0,0,0,0,0,0,0,0,0,0,0,0,0,,1,0.901,0.835,0.935,1,1,1,0.916,1,1,1,0.932,1,1,1,1,1,1,1,1,1,1,1,0.956,0.931,1,1,1,1,1,1,1,1,1,1,1,0.98,1,1,1,1,1,1,1,1,1,1,1,0.953,1,1,1,1,1,1,1,1,1,1,1,1,1,1,1,1,1,1,1,1,1,1,1,1,1,1,1,1,1,1,1,1,0.95,1,1,0.976,1,1,1,1,0.898,1,1,1,1,1,1,0.802,1,1,1,1,1,1,1,1,1,1,1,1,1,1,1,1,1,1
0,0.13,0,0,0,0,0,0.183,0.087,0,0,0,0.049,0,0.059,0,0,0.106,0,0,0.044,0,0,0.012,0,0,0,0,0,0,0,0,0,0,0.045,0,0,0,0.048,0,0,0,0,0,0,0,0,0,0.013,0,0,0,0,0,0,0,0,0,0,0,0,0,0,0,0,0,0,0,0,0,0.054,0,0,0,0,0,0,0,0,0,0,0.027,0,0.052,0.053,0,0,0.11,0,0,0,0,0,0.095,0,0,0.081,0.064,0,0,0,0,0,0,0,0,0,0,0,0,0,0.015,0,0,0,,1,0.87,1,1,1,1,1,0.817,0.913,1,1,1,0.951,1,0.941,1,1,0.894,1,1,0.956,1,1,0.988,1,1,1,1,1,1,1,1,1,1,0.955,1,1,1,0.952,1,1,1,1,1,1,1,1,1,0.987,1,1,1,1,1,1,1,1,1,1,1,1,1,1,1,1,1,1,1,1,1,0.946,1,1,1,1,1,1,1,1,1,1,0.973,1,0.948,0.947,1,1,0.89,1,1,1,1,1,0.905,1,1,0.919,0.936,1,1,1,1,1,1,1,1,1,1,1,1,1,0.985,1,1,1
0,0,0,0,0.796,0.811,0.756,0,0,0.77,0,0,0,0.73,0,0,0,0,0,0,0,0,0,0,0,0.667,0,0,0,0.309,0.309,0.73,0.713,0,0,0,0,0.801,0,0.73,0.73,0.667,0,0,0,0,0.708,0,0,0,0,0,0,0,0.8,0.667,0,0.727,0.433,0.511,0.287,0.747,0.667,0.617,0.73,0.474,0.73,0,0,0,0,0.814,0.756,0,0,0.667,0.602,0.756,0.676,0,0,0,0,0,0,0,0,0,0.667,0,0,0,0,0,0.756,0.796,0,0,0,0,0.218,0,0,0,0,0.765,0.667,0.77,0,0.667,0.775,0,0,0,0.792,,1,1,1,1,0.204,0.189,0.244,1,1,0.23,1,1,1,0.27,1,1,1,1,1,1,1,1,1,1,1,0.333,1,1,1,0.691,0.691,0.27,0.287,1,1,1,1,0.199,1,0.27,0.27,0.333,1,1,1,1,0.292,1,1,1,1,1,1,1,0.2,0.333,1,0.273,0.567,0.489,0.713,0.253,0.333,0.383,0.27,0.526,0.27,1,1,1,1,0.186,0.244,1,1,0.333,0.398,0.244,0.324,1,1,1,1,1,1,1,1,1,0.333,1,1,1,1,1,0.244,0.204,1,1,1,1,0.782,1,1,1,1,0.235,0.333,0.23,1,0.333,0.225,1,1,1,0.208
0,0,0,0,0.368,0.375,0.35,0,0,0.356,0,0.206,0,0.338,0,0,0,0,0,0,0,0,0,0,0.208,0.309,0,0,0.309,0,0.714,0.338,0.33,0,0,0,0,0.371,0,0.338,0.338,0.309,0,0,0,0,0.328,0,0,0,0,0,0,0,0.37,0.309,0,0.336,0.2,0.237,0.133,0.346,0.309,0.286,0.338,0.219,0.338,0,0,0,0,0.377,0.35,0,0,0.309,0.279,0.35,0.313,0,0,0,0,0,0,0,0,0,0.309,0,0,0,0,0,0.35,0.37,0,0,0,0,0.101,0,0,0,0,0.354,0.309,0.356,0,0.309,0.359,0,0,0,0.367,,1,1,1,1,0.632,0.625,0.65,1,1,0.644,1,0.794,1,0.662,1,1,1,1,1,1,1,1,1,1,0.792,0.691,1,1,0.691,1,0.286,0.662,0.67,1,1,1,1,0.629,1,0.662,0.662,0.691,1,1,1,1,0.672,1,1,1,1,1,1,1,0.63,0.691,1,0.664,0.8,0.763,0.867,0.654,0.691,0.714,0.662,0.781,0.662,1,1,1,1,0.623,0.65,1,1,0.691,0.721,0.65,0.687,1,1,1,1,1,1,1,1,1,0.691,1,1,1,1,1,0.65,0.63,1,1,1,1,0.899,1,1,1,1,0.646,0.691,0.644,1,0.691,0.641,1,1,1,0.633
0,0,0,0,0.368,0.375,0.35,0,0,0.356,0,0.206,0,0.338,0,0,0,0,0,0,0,0,0,0,0.208,0.309,0,0,0.309,0.714,0,0.338,0.33,0,0,0,0,0.371,0,0.338,0.338,0.309,0,0,0,0,0.328,0,0,0,0,0,0,0,0.37,0.309,0,0.336,0.2,0.237,0.133,0.346,0.309,0.286,0.338,0.219,0.338,0,0,0,0,0.377,0.35,0,0,0.309,0.279,0.35,0.313,0,0,0,0,0,0,0,0,0,0.309,0,0,0,0,0,0.35,0.368,0,0,0,0,0.101,0,0,0,0,0.354,0.309,0.356,0,0.309,0.359,0,0,0,0.367,,1,1,1,1,0.632,0.625,0.65,1,1,0.644,1,0.794,1,0.662,1,1,1,1,1,1,1,1,1,1,0.792,0.691,1,1,0.691,0.286,1,0.662,0.67,1,1,1,1,0.629,1,0.662,0.662,0.691,1,1,1,1,0.672,1,1,1,1,1,1,1,0.63,0.691,1,0.664,0.8,0.763,0.867,0.654,0.691,0.714,0.662,0.781,0.662,1,1,1,1,0.623,0.65,1,1,0.691,0.721,0.65,0.687,1,1,1,1,1,1,1,1,1,0.691,1,1,1,1,1,0.65,0.632,1,1,1,1,0.899,1,1,1,1,0.646,0.691,0.644,1,0.691,0.641,1,1,1,0.633
0,0,0,0,0.872,0.888,0.828,0,0,0.843,0,0,0,0.8,0,0,0,0,0,0,0,0,0,0,0,0.73,0,0,0.73,0.338,0.338,0,0.781,0,0,0,0,0.878,0,0.8,0.8,0.73,0,0,0,0,0.776,0,0,0,0,0,0,0,0.876,0.73,0,0.796,0.474,0.56,0.315,0.818,0.73,0.676,0.8,0.519,0.8,0,0,0,0,0.892,0.828,0,0,0.73,0.66,0.828,0.74,0,0,0,0,0,0,0,0,0,0.73,0,0,0,0,0,0.828,0.872,0,0,0,0,0.239,0,0,0,0,0.838,0.73,0.843,0,0.73,0.849,0,0,0,0.868,,1,1,1,1,0.128,0.112,0.172,1,1,0.157,1,1,1,0.2,1,1,1,1,1,1,1,1,1,1,1,0.27,1,1,0.27,0.662,0.662,1,0.219,1,1,1,1,0.122,1,0.2,0.2,0.27,1,1,1,1,0.224,1,1,1,1,1,1,1,0.124,0.27,1,0.204,0.526,0.44,0.685,0.182,0.27,0.324,0.2,0.481,0.2,1,1,1,1,0.108,0.172,1,1,0.27,0.34,0.172,0.26,1,1,1,1,1,1,1,1,1,0.27,1,1,1,1,1,0.172,0.128,1,1,1,1,0.761,1,1,1,1,0.162,0.27,0.157,1,0.27,0.151,1,1,1,0.132
0.001,0.004,0,0.062,0.854,0.867,0.808,0.005,0,0.823,0,0,0,0.781,0,0,0,0,0,0,0.002,0,0,0,0,0.713,0,0,0.713,0.33,0.33,0.781,0,0,0,0,0,0.882,0,0.781,0.781,0.713,0,0,0,0,0.761,0,0.006,0,0,0,0,0,0.855,0.713,0,0.801,0.466,0.598,0.358,0.821,0.713,0.715,0.781,0.556,0.781,0,0,0,0,0.87,0.808,0.071,0,0.713,0.704,0.808,0.747,0,0,0.014,0,0.038,0,0.005,0,0,0.713,0,0,0,0,0,0.808,0.872,0,0.003,0,0,0.257,0,0,0,0,0.818,0.713,0.823,0,0.713,0.829,0.043,0,0,0.847,,0.999,0.996,1,0.938,0.146,0.133,0.192,0.995,1,0.177,1,1,1,0.219,1,1,1,1,1,1,0.998,1,1,1,1,0.287,1,1,0.287,0.67,0.67,0.219,1,1,1,1,1,0.118,1,0.219,0.219,0.287,1,1,1,1,0.239,1,0.994,1,1,1,1,1,0.145,0.287,1,0.199,0.534,0.402,0.642,0.179,0.287,0.285,0.219,0.444,0.219,1,1,1,1,0.13,0.192,0.929,1,0.287,0.296,0.192,0.253,1,1,0.986,1,0.962,1,0.995,1,1,0.287,1,1,1,1,1,0.192,0.128,1,0.997,1,1,0.743,1,1,1,1,0.182,0.287,0.177,1,0.287,0.171,0.957,1,1,0.153
0,0.003,0,0,0,0,0,0,0,0,0,0,0,0,0,0,0,0,0,0,0,0,0,0,0,0,0,0,0,0,0,0,0,0,0,0,0,0,0,0,0,0,0,0,0,0,0.009,0,0,0,0,0,0,0,0,0,0,0,0,0,0,0,0,0,0,0,0,0,0,0,0,0,0,0,0,0,0,0,0,0.283,0,0,0,0,0,0,0,0.071,0,0,0,0,0,0,0,0,0,0,0,0,0,0,0,0.059,0,0,0,0,0,0,0,0,0,0,0.021,,1,0.997,1,1,1,1,1,1,1,1,1,1,1,1,1,1,1,1,1,1,1,1,1,1,1,1,1,1,1,1,1,1,1,1,1,1,1,1,1,1,1,1,1,1,1,1,0.991,1,1,1,1,1,1,1,1,1,1,1,1,1,1,1,1,1,1,1,1,1,1,1,1,1,1,1,1,1,1,1,1,0.717,1,1,1,1,1,1,1,0.929,1,1,1,1,1,1,1,1,1,1,1,1,1,1,1,0.941,1,1,1,1,1,1,1,1,1,1,0.979
0.004,0.076,0,0.085,0,0,0,0.073,0.035,0,0.013,0.015,0.02,0,0.059,0,0,0.072,0,0,0.053,0,0.177,0.019,0,0,0,0.045,0,0,0,0,0,0,0,0,0.017,0,0.038,0,0,0,0.086,0,0.079,0,0,0,0.024,0,0,0,0,0,0,0,0,0,0,0,0,0,0,0,0,0,0,0,0,0,0.021,0,0,0,0,0,0.005,0,0,0,0,0.032,0,0.042,0.183,0,0,0.044,0,0,0,0,0,0.1,0,0,0.118,0.041,0,0,0.117,0,0,0,0,0,0,0,0,0,0,0.012,0.013,0.067,0.053,,0.996,0.924,1,0.915,1,1,1,0.927,0.965,1,0.987,0.985,0.98,1,0.941,1,1,0.928,1,1,0.947,1,0.823,0.981,1,1,1,0.955,1,1,1,1,1,1,1,1,0.983,1,0.962,1,1,1,0.914,1,0.921,1,1,1,0.976,1,1,1,1,1,1,1,1,1,1,1,1,1,1,1,1,1,1,1,1,1,0.979,1,1,1,1,1,0.995,1,1,1,1,0.968,1,0.958,0.817,1,1,0.956,1,1,1,1,1,0.9,1,1,0.882,0.959,1,1,0.883,1,1,1,1,1,1,1,1,1,1,0.988,0.987,0.933,0.947
0,0.018,0,0,0,0,0,0,0,0,0.035,0,0,0,0,0,0,0.017,0,0,0,0,0,0,0,0,0,0,0,0,0,0,0,0,0,0,0,0,0,0,0,0,0,0,0,0,0,0,0,0,0,0,0,0,0,0,0.033,0,0,0,0,0,0,0,0,0,0,0,0,0,0,0,0,0,0,0,0,0,0,0,0,0.06,0,0,0,0,0,0,0,0,0,0,0,0,0,0,0,0,0,0,0,0,0,0,0,0,0,0,0,0,0,0.016,0.26,0,0,,1,0.982,1,1,1,1,1,1,1,1,0.965,1,1,1,1,1,1,0.983,1,1,1,1,1,1,1,1,1,1,1,1,1,1,1,1,1,1,1,1,1,1,1,1,1,1,1,1,1,1,1,1,1,1,1,1,1,1,0.967,1,1,1,1,1,1,1,1,1,1,1,1,1,1,1,1,1,1,1,1,1,1,1,1,0.94,1,1,1,1,1,1,1,1,1,1,1,1,1,1,1,1,1,1,1,1,1,1,1,1,1,1,1,1,1,0.984,0.74,1,1
0,0,0,0,0,0,0,0,0,0,0,0.043,0,0,0.017,0,0,0,0,0,0,0,0,0.042,0.022,0,0.02,0,0,0,0,0,0,0,0.017,0,0,0,0,0,0,0,0.031,0,0,0,0,0,0.005,0,0,0,0,0,0,0,0.017,0,0,0,0,0,0,0,0,0,0,0,0,0,0,0,0,0,0,0,0,0,0,0,0,0.031,0,0,0,0,0,0,0,0,0,0,0,0,0,0,0,0,0,0,0,0,0,0.026,0,0,0,0,0,0,0,0,0,0,0,,1,1,1,1,1,1,1,1,1,1,1,0.957,1,1,0.983,1,1,1,1,1,1,1,1,0.958,0.978,1,0.98,1,1,1,1,1,1,1,0.983,1,1,1,1,1,1,1,0.969,1,1,1,1,1,0.995,1,1,1,1,1,1,1,0.983,1,1,1,1,1,1,1,1,1,1,1,1,1,1,1,1,1,1,1,1,1,1,1,1,0.969,1,1,1,1,1,1,1,1,1,1,1,1,1,1,1,1,1,1,1,1,1,0.974,1,1,1,1,1,1,1,1,1,1,1
0,0.005,0,0.07,0.958,0.974,0.908,0.002,0,0.925,0,0,0,0.878,0,0,0,0.001,0,0,0,0,0,0,0,0.806,0,0,0.801,0.371,0.371,0.878,0.882,0,0,0,0,0,0,0.878,0.878,0.801,0,0,0,0,0.856,0,0.007,0,0,0,0,0,0.961,0.801,0,0.881,0.52,0.624,0.358,0.925,0.801,0.808,0.878,0.59,0.878,0,0,0,0,0.978,0.908,0.086,0,0.801,0.787,0.908,0.846,0,0,0.019,0,0.041,0,0,0,0,0.801,0,0,0,0,0,0.908,0.966,0,0,0,0,0.262,0,0,0,0,0.921,0.801,0.925,0,0.801,0.931,0.048,0,0.005,0.952,,1,0.995,1,0.93,0.042,0.026,0.092,0.998,1,0.075,1,1,1,0.122,1,1,1,0.999,1,1,1,1,1,1,1,0.194,1,1,0.199,0.629,0.629,0.122,0.118,1,1,1,1,1,1,0.122,0.122,0.199,1,1,1,1,0.144,1,0.993,1,1,1,1,1,0.039,0.199,1,0.119,0.48,0.376,0.642,0.075,0.199,0.192,0.122,0.41,0.122,1,1,1,1,0.022,0.092,0.914,1,0.199,0.213,0.092,0.154,1,1,0.981,1,0.959,1,1,1,1,0.199,1,1,1,1,1,0.092,0.034,1,1,1,1,0.738,1,1,1,1,0.079,0.199,0.075,1,0.199,0.069,0.952,1,0.995,0.048
0.003,0.078,0,0.022,0,0,0,0.116,0.055,0,0.01,0,0.031,0,0.047,0,0,0.067,0,0.012,0.028,0,0.011,0,0,0,0,0.048,0,0,0,0,0,0,0.038,0,0,0,0,0,0,0,0,0,0,0,0.001,0,0.032,0,0,0,0,0,0,0,0,0,0,0,0,0,0,0,0,0.001,0,0,0,0,0.034,0,0,0,0,0,0.001,0,0,0,0,0.026,0,0.046,0.037,0,0,0.069,0,0,0,0,0,0.04,0,0,0.051,0.024,0,0,0,0,0,0,0,0,0,0,0,0,0,0.009,0.011,0,0,,0.997,0.922,1,0.978,1,1,1,0.884,0.945,1,0.99,1,0.969,1,0.953,1,1,0.933,1,0.988,0.972,1,0.989,1,1,1,1,0.952,1,1,1,1,1,1,0.962,1,1,1,1,1,1,1,1,1,1,1,0.999,1,0.968,1,1,1,1,1,1,1,1,1,1,1,1,1,1,1,1,0.999,1,1,1,1,0.966,1,1,1,1,1,0.999,1,1,1,1,0.974,1,0.954,0.963,1,1,0.931,1,1,1,1,1,0.96,1,1,0.949,0.976,1,1,1,1,1,1,1,1,1,1,1,1,1,0.991,0.989,1,1
0,0,0,0,0.872,0.888,0.828,0,0,0.843,0,0,0,0.8,0,0,0,0,0,0,0,0,0,0,0,0.73,0,0,0.73,0.338,0.338,0.8,0.781,0,0,0,0,0.878,0,0,0.8,0.73,0,0,0,0,0.776,0,0,0,0,0,0,0,0.876,0.73,0,0.796,0.474,0.56,0.315,0.818,0.73,0.676,0.8,0.519,0.8,0,0,0,0,0.892,0.828,0,0,0.73,0.66,0.828,0.74,0,0,0.022,0,0,0,0,0,0,0.73,0,0,0,0,0,0.828,0.872,0,0,0,0,0.239,0,0,0,0,0.838,0.73,0.843,0,0.73,0.849,0,0,0,0.868,,1,1,1,1,0.128,0.112,0.172,1,1,0.157,1,1,1,0.2,1,1,1,1,1,1,1,1,1,1,1,0.27,1,1,0.27,0.662,0.662,0.2,0.219,1,1,1,1,0.122,1,1,0.2,0.27,1,1,1,1,0.224,1,1,1,1,1,1,1,0.124,0.27,1,0.204,0.526,0.44,0.685,0.182,0.27,0.324,0.2,0.481,0.2,1,1,1,1,0.108,0.172,1,1,0.27,0.34,0.172,0.26,1,1,0.978,1,1,1,1,1,1,0.27,1,1,1,1,1,0.172,0.128,1,1,1,1,0.761,1,1,1,1,0.162,0.27,0.157,1,0.27,0.151,1,1,1,0.132
0,0,0,0,0.872,0.888,0.828,0,0,0.843,0,0,0,0.8,0,0,0,0,0,0,0,0,0,0,0,0.73,0,0,0.73,0.338,0.338,0.8,0.781,0,0,0,0,0.878,0,0.8,0,0.73,0,0,0,0,0.776,0,0,0,0,0,0,0,0.876,0.73,0,0.796,0.474,0.56,0.315,0.818,0.73,0.676,0.8,0.519,0.8,0,0,0,0,0.892,0.828,0,0,0.73,0.66,0.828,0.74,0,0,0,0,0,0,0,0,0,0.73,0,0,0,0,0,0.828,0.872,0,0,0,0,0.239,0,0,0,0,0.838,0.73,0.843,0,0.913,0.849,0,0,0,0.868,,1,1,1,1,0.128,0.112,0.172,1,1,0.157,1,1,1,0.2,1,1,1,1,1,1,1,1,1,1,1,0.27,1,1,0.27,0.662,0.662,0.2,0.219,1,1,1,1,0.122,1,0.2,1,0.27,1,1,1,1,0.224,1,1,1,1,1,1,1,0.124,0.27,1,0.204,0.526,0.44,0.685,0.182,0.27,0.324,0.2,0.481,0.2,1,1,1,1,0.108,0.172,1,1,0.27,0.34,0.172,0.26,1,1,1,1,1,1,1,1,1,0.27,1,1,1,1,1,0.172,0.128,1,1,1,1,0.761,1,1,1,1,0.162,0.27,0.157,1,0.087,0.151,1,1,1,0.132
0,0,0,0,0.796,0.811,0.756,0,0,0.77,0,0,0,0.73,0,0,0,0,0,0,0,0,0,0,0,0.667,0,0,0.667,0.309,0.309,0.73,0.713,0,0,0,0,0.801,0,0.73,0.73,0,0,0,0,0,0.708,0,0,0,0,0,0,0,0.8,0.667,0,0.727,0.433,0.511,0.287,0.747,0.667,0.617,0.73,0.474,0.73,0,0,0,0,0.814,0.756,0,0,0.667,0.602,0.756,0.676,0,0,0,0,0,0,0,0,0,0.667,0,0,0,0,0,0.756,0.796,0,0,0,0,0.218,0,0,0,0,0.765,0.667,0.77,0,0.667,0.775,0,0,0,0.792,,1,1,1,1,0.204,0.189,0.244,1,1,0.23,1,1,1,0.27,1,1,1,1,1,1,1,1,1,1,1,0.333,1,1,0.333,0.691,0.691,0.27,0.287,1,1,1,1,0.199,1,0.27,0.27,1,1,1,1,1,0.292,1,1,1,1,1,1,1,0.2,0.333,1,0.273,0.567,0.489,0.713,0.253,0.333,0.383,0.27,0.526,0.27,1,1,1,1,0.186,0.244,1,1,0.333,0.398,0.244,0.324,1,1,1,1,1,1,1,1,1,0.333,1,1,1,1,1,0.244,0.204,1,1,1,1,0.782,1,1,1,1,0.235,0.333,0.23,1,0.333,0.225,1,1,1,0.208
0.002,0.027,0,0,0,0,0,0,0,0,0,0.027,0.035,0,0.085,0.068,0,0.011,0,0,0.032,0.046,0.098,0.034,0.027,0,0,0,0,0,0,0,0,0,0.086,0,0.031,0,0,0,0,0,0,0,0.048,0,0,0,0.012,0,0,0,0,0,0,0,0,0,0,0,0,0,0,0,0,0,0,0,0,0.03,0,0,0,0,0,0,0.003,0,0,0,0,0.039,0,0.015,0.094,0,0,0,0,0,0,0,0,0,0,0,0.039,0,0,0,0.052,0,0,0,0,0,0,0,0.032,0,0,0,0,0.04,0.012,,0.998,0.973,1,1,1,1,1,1,1,1,1,0.973,0.965,1,0.915,0.932,1,0.989,1,1,0.968,0.954,0.902,0.966,0.973,1,1,1,1,1,1,1,1,1,0.914,1,0.969,1,1,1,1,1,1,1,0.952,1,1,1,0.988,1,1,1,1,1,1,1,1,1,1,1,1,1,1,1,1,1,1,1,1,0.97,1,1,1,1,1,1,0.997,1,1,1,1,0.961,1,0.985,0.906,1,1,1,1,1,1,1,1,1,1,1,0.961,1,1,1,0.948,1,1,1,1,1,1,1,0.968,1,1,1,1,0.96,0.988
0,0,0,0,0,0,0,0,0,0,0,0,0,0,0,0,0,0,0,0,0,0,0,0,0,0,0,0,0,0,0,0,0,0,0,0,0,0,0,0,0,0,0,0,0,0,0,0,0,0,0,0,0,0,0,0,0,0,0,0,0,0,0,0,0,0,0,0,0,0,0,0,0,0,0,0,0,0,0,0,0,0,0,0,0,0,0,0,0,0,0,0,0,0,0,0,0,0,0,0,0,0,0,0,0,0,0,0,0,0,0,0,0,0,0,,1,1,1,1,1,1,1,1,1,1,1,1,1,1,1,1,1,1,1,1,1,1,1,1,1,1,1,1,1,1,1,1,1,1,1,1,1,1,1,1,1,1,1,1,1,1,1,1,1,1,1,1,1,1,1,1,1,1,1,1,1,1,1,1,1,1,1,1,1,1,1,1,1,1,1,1,1,1,1,1,1,1,1,1,1,1,1,1,1,1,1,1,1,1,1,1,1,1,1,1,1,1,1,1,1,1,1,1,1,1,1,1,1,1,1
0,0.019,0.08,0,0,0,0,0,0,0,0,0,0,0,0,0.084,0,0.013,0,0,0.02,0.057,0.121,0,0,0,0,0,0,0,0,0,0,0,0.079,0,0,0,0,0,0,0,0.048,0,0,0,0,0,0.061,0,0,0,0,0,0,0,0,0,0,0,0,0,0,0,0,0,0,0,0,0,0,0,0,0,0,0,0,0,0,0,0,0,0,0.018,0.116,0,0,0,0,0,0,0,0,0.056,0,0,0.048,0,0,0,0.065,0,0,0,0,0,0,0,0.04,0,0,0,0,0.05,0,,1,0.981,0.92,1,1,1,1,1,1,1,1,1,1,1,1,0.916,1,0.987,1,1,0.98,0.943,0.879,1,1,1,1,1,1,1,1,1,1,1,0.921,1,1,1,1,1,1,1,0.952,1,1,1,1,1,0.939,1,1,1,1,1,1,1,1,1,1,1,1,1,1,1,1,1,1,1,1,1,1,1,1,1,1,1,1,1,1,1,1,1,1,0.982,0.884,1,1,1,1,1,1,1,1,0.944,1,1,0.952,1,1,1,0.935,1,1,1,1,1,1,1,0.96,1,1,1,1,0.95,1
0,0,0,0,0,0,0,0,0,0,0,0,0,0,0,0,0,0,0,0,0,0,0,0,0,0,0,0,0,0,0,0,0,0,0,0,0,0,0,0,0,0,0,0,0,0,0,0,0,0,0,0,0,0,0,0,0,0,0,0,0,0,0,0,0,0,0,0,0,0,0,0,0,0,0,0,0,0,0,0,0,0,0,0,0,0,0,0,0,0,0,0,0,0,0,0,0,0,0,0,0,0,0,0,0,0,0,0,0,0,0,0,0,0,0,,1,1,1,1,1,1,1,1,1,1,1,1,1,1,1,1,1,1,1,1,1,1,1,1,1,1,1,1,1,1,1,1,1,1,1,1,1,1,1,1,1,1,1,1,1,1,1,1,1,1,1,1,1,1,1,1,1,1,1,1,1,1,1,1,1,1,1,1,1,1,1,1,1,1,1,1,1,1,1,1,1,1,1,1,1,1,1,1,1,1,1,1,1,1,1,1,1,1,1,1,1,1,1,1,1,1,1,1,1,1,1,1,1,1,1
0.008,0.004,0,0.014,0.846,0.861,0.803,0,0,0.818,0.003,0.004,0,0.776,0,0,0.013,0,0,0,0.006,0,0,0,0.004,0.708,0,0,0.708,0.328,0.328,0.776,0.761,0.009,0,0,0,0.856,0.001,0.776,0.776,0.708,0,0,0,0,0,0,0.012,0,0,0,0,0,0.85,0.708,0,0.775,0.46,0.544,0.307,0.798,0.708,0.666,0.776,0.506,0.776,0,0,0,0,0.865,0.803,0.026,0.019,0.708,0.653,0.803,0.727,0.016,0.007,0.009,0,0.017,0,0,0,0.066,0.708,0,0,0,0,0,0.803,0.847,0,0.001,0,0,0.232,0,0,0,0,0.813,0.708,0.818,0,0.708,0.823,0.01,0,0.043,0.842,,0.992,0.996,1,0.986,0.154,0.139,0.197,1,1,0.182,0.997,0.996,1,0.224,1,1,0.987,1,1,1,0.994,1,1,1,0.996,0.292,1,1,0.292,0.672,0.672,0.224,0.239,0.991,1,1,1,0.144,0.999,0.224,0.224,0.292,1,1,1,1,1,1,0.988,1,1,1,1,1,0.15,0.292,1,0.225,0.54,0.456,0.693,0.202,0.292,0.334,0.224,0.494,0.224,1,1,1,1,0.135,0.197,0.974,0.981,0.292,0.347,0.197,0.273,0.984,0.993,0.991,1,0.983,1,1,1,0.934,0.292,1,1,1,1,1,0.197,0.153,1,0.999,1,1,0.768,1,1,1,1,0.187,0.292,0.182,1,0.292,0.177,0.99,1,0.957,0.158
0,0,0,0,0,0,0,0,0,0,0,0,0,0,0,0,0,0,0,0,0,0,0,0,0,0,0,0,0,0,0,0,0,0,0,0,0,0,0,0,0,0,0,0,0,0,0,0,0,0,0,0,0,0,0,0,0,0,0,0,0,0,0,0,0,0,0,0,0,0,0,0,0,0,0,0,0,0,0,0,0,0,0,0,0,0,0,0,0,0,0,0,0,0,0,0,0,0,0,0,0,0,0,0,0,0,0,0,0,0,0,0,0,0,0,,1,1,1,1,1,1,1,1,1,1,1,1,1,1,1,1,1,1,1,1,1,1,1,1,1,1,1,1,1,1,1,1,1,1,1,1,1,1,1,1,1,1,1,1,1,1,1,1,1,1,1,1,1,1,1,1,1,1,1,1,1,1,1,1,1,1,1,1,1,1,1,1,1,1,1,1,1,1,1,1,1,1,1,1,1,1,1,1,1,1,1,1,1,1,1,1,1,1,1,1,1,1,1,1,1,1,1,1,1,1,1,1,1,1,1
0.002,0.027,0.118,0.174,0.001,0,0,0.031,0.01,0,0.004,0.017,0.011,0,0.04,0.076,0,0.029,0,0.013,0.035,0.051,0.051,0.014,0.004,0,0.047,0.013,0,0,0,0,0.006,0,0.024,0,0.005,0.007,0.032,0,0,0,0.012,0,0.061,0,0.012,0,0,0,0,0,0,0,0,0,0.003,0.001,0,0.005,0.002,0.005,0,0.012,0,0.022,0,0,0,0,0.006,0,0,0.015,0,0,0.031,0,0.008,0.012,0,0.068,0,0.117,0.069,0.011,0,0.019,0,0.013,0,0,0.023,0.064,0,0.005,0.028,0.043,0,0,0.017,0,0,0.052,0,0,0,0,0.036,0,0,0.043,0.035,0.032,0.002,,0.998,0.973,0.882,0.826,0.999,1,1,0.969,0.99,1,0.996,0.983,0.989,1,0.96,0.924,1,0.971,1,0.987,0.965,0.949,0.949,0.986,0.996,1,0.953,0.987,1,1,1,1,0.994,1,0.976,1,0.995,0.993,0.968,1,1,1,0.988,1,0.939,1,0.988,1,1,1,1,1,1,1,1,1,0.997,0.999,1,0.995,0.998,0.995,1,0.988,1,0.978,1,1,1,1,0.994,1,1,0.985,1,1,0.969,1,0.992,0.988,1,0.932,1,0.883,0.931,0.989,1,0.981,1,0.987,1,1,0.977,0.936,1,0.995,0.972,0.957,1,1,0.983,1,1,0.948,1,1,1,1,0.964,1,1,0.957,0.965,0.968,0.998
0,0,0,0,0,0,0,0,0,0,0,0,0,0,0,0,0,0,0,0,0,0,0,0,0,0,0,0,0,0,0,0,0,0,0,0,0,0,0,0,0,0,0,0,0,0,0,0,0,0,0,0,0,0,0,0,0,0,0,0,0,0,0,0,0,0,0,0,0,0,0,0,0,0,0,0,0,0,0,0,0,0,0,0,0,0,0,0,0,0,0,0,0,0,0,0,0,0,0,0,0,0,0,0,0,0,0,0,0,0,0,0,0,0,0,,1,1,1,1,1,1,1,1,1,1,1,1,1,1,1,1,1,1,1,1,1,1,1,1,1,1,1,1,1,1,1,1,1,1,1,1,1,1,1,1,1,1,1,1,1,1,1,1,1,1,1,1,1,1,1,1,1,1,1,1,1,1,1,1,1,1,1,1,1,1,1,1,1,1,1,1,1,1,1,1,1,1,1,1,1,1,1,1,1,1,1,1,1,1,1,1,1,1,1,1,1,1,1,1,1,1,1,1,1,1,1,1,1,1,1
0,0.007,0,0,0,0,0,0,0,0,0,0,0,0,0,0,0,0,0,0.027,0,0,0,0,0,0,0,0,0,0,0,0,0,0,0,0,0,0,0,0,0,0,0,0,0,0,0,0,0,0,0,0,0,0,0,0,0.063,0,0,0,0,0,0,0,0,0,0,0,0,0.029,0,0,0,0,0,0,0,0,0,0,0,0,0,0,0,0,0,0,0,0,0,0,0,0,0,0,0,0,0,0,0,0,0,0,0,0,0,0,0,0,0,0,0,0,0,,1,0.993,1,1,1,1,1,1,1,1,1,1,1,1,1,1,1,1,1,0.973,1,1,1,1,1,1,1,1,1,1,1,1,1,1,1,1,1,1,1,1,1,1,1,1,1,1,1,1,1,1,1,1,1,1,1,1,0.937,1,1,1,1,1,1,1,1,1,1,1,1,0.971,1,1,1,1,1,1,1,1,1,1,1,1,1,1,1,1,1,1,1,1,1,1,1,1,1,1,1,1,1,1,1,1,1,1,1,1,1,1,1,1,1,1,1,1,1
0,0,0,0,0,0,0,0,0,0,0,0,0,0,0,0,0,0,0,0,0,0,0,0,0,0,0,0,0,0,0,0,0,0,0,0,0,0,0,0,0,0,0,0,0,0,0,0,0,0,0,0,0,0,0,0,0,0,0,0,0,0,0,0,0,0,0,0,0,0,0,0,0,0,0,0,0,0,0,0,0,0,0,0,0,0,0,0,0,0,0,0,0,0,0,0,0,0,0,0,0,0,0,0,0,0,0,0,0,0,0,0,0,0,0,,1,1,1,1,1,1,1,1,1,1,1,1,1,1,1,1,1,1,1,1,1,1,1,1,1,1,1,1,1,1,1,1,1,1,1,1,1,1,1,1,1,1,1,1,1,1,1,1,1,1,1,1,1,1,1,1,1,1,1,1,1,1,1,1,1,1,1,1,1,1,1,1,1,1,1,1,1,1,1,1,1,1,1,1,1,1,1,1,1,1,1,1,1,1,1,1,1,1,1,1,1,1,1,1,1,1,1,1,1,1,1,1,1,1,1
0,0,0,0,0,0,0,0,0,0,0,0,0,0,0,0,0,0,0,0,0,0,0,0,0,0,0,0,0,0,0,0,0,0,0,0,0,0,0,0,0,0,0,0,0,0,0,0,0,0,0,0,0,0,0,0,0,0,0,0,0,0,0,0,0,0,0,0,0,0,0,0,0,0,0,0,0,0,0,0,0,0,0,0,0,0,0,0,0,0,0,0,0,0,0,0,0,0,0,0,0,0,0,0,0,0,0,0,0,0,0,0,0,0,0,,1,1,1,1,1,1,1,1,1,1,1,1,1,1,1,1,1,1,1,1,1,1,1,1,1,1,1,1,1,1,1,1,1,1,1,1,1,1,1,1,1,1,1,1,1,1,1,1,1,1,1,1,1,1,1,1,1,1,1,1,1,1,1,1,1,1,1,1,1,1,1,1,1,1,1,1,1,1,1,1,1,1,1,1,1,1,1,1,1,1,1,1,1,1,1,1,1,1,1,1,1,1,1,1,1,1,1,1,1,1,1,1,1,1,1
0,0,0,0,0,0,0,0,0,0,0,0,0,0,0,0,0,0,0,0,0,0,0,0,0,0,0,0,0,0,0,0,0,0,0,0,0,0,0,0,0,0,0,0,0,0,0,0,0,0,0,0,0,0,0,0,0,0,0,0,0,0,0,0,0,0,0,0,0,0,0,0,0,0,0,0,0,0,0,0,0,0,0,0,0,0,0,0,0,0,0,0,0,0,0,0,0,0,0,0,0,0,0,0,0,0,0,0,0,0,0,0,0,0,0,,1,1,1,1,1,1,1,1,1,1,1,1,1,1,1,1,1,1,1,1,1,1,1,1,1,1,1,1,1,1,1,1,1,1,1,1,1,1,1,1,1,1,1,1,1,1,1,1,1,1,1,1,1,1,1,1,1,1,1,1,1,1,1,1,1,1,1,1,1,1,1,1,1,1,1,1,1,1,1,1,1,1,1,1,1,1,1,1,1,1,1,1,1,1,1,1,1,1,1,1,1,1,1,1,1,1,1,1,1,1,1,1,1,1,1
0,0,0,0,0.955,0.973,0.907,0,0,0.924,0,0,0,0.876,0,0,0,0,0,0,0,0,0,0,0,0.8,0,0,0.8,0.37,0.37,0.876,0.855,0,0,0,0,0.961,0,0.876,0.876,0.8,0,0,0,0,0.85,0,0,0,0,0,0,0,0,0.8,0,0.872,0.52,0.613,0.345,0.897,0.8,0.741,0.876,0.568,0.876,0,0,0,0,0.977,0.907,0,0,0.8,0.723,0.907,0.811,0,0,0,0,0,0,0,0,0,0.8,0,0,0,0,0,0.907,0.955,0,0,0,0,0.262,0,0,0,0,0.918,0.8,0.924,0,0.8,0.93,0,0,0,0.951,,1,1,1,1,0.045,0.027,0.093,1,1,0.076,1,1,1,0.124,1,1,1,1,1,1,1,1,1,1,1,0.2,1,1,0.2,0.63,0.63,0.124,0.145,1,1,1,1,0.039,1,0.124,0.124,0.2,1,1,1,1,0.15,1,1,1,1,1,1,1,1,0.2,1,0.128,0.48,0.387,0.655,0.103,0.2,0.259,0.124,0.432,0.124,1,1,1,1,0.023,0.093,1,1,0.2,0.277,0.093,0.189,1,1,1,1,1,1,1,1,1,0.2,1,1,1,1,1,0.093,0.045,1,1,1,1,0.738,1,1,1,1,0.082,0.2,0.076,1,0.2,0.07,1,1,1,0.049
0,0,0,0,0.796,0.811,0.756,0,0,0.77,0,0,0,0.73,0,0,0,0,0,0,0,0,0,0,0,0.667,0,0,0.667,0.309,0.309,0.73,0.713,0,0,0,0,0.801,0,0.73,0.73,0.667,0,0,0,0,0.708,0,0,0,0,0,0,0,0.8,0,0,0.727,0.433,0.511,0.287,0.747,0.667,0.617,0.73,0.474,0.73,0,0,0,0,0.814,0.756,0,0,0.667,0.602,0.756,0.676,0,0,0,0,0,0,0,0,0,0.667,0,0,0,0,0,0.756,0.796,0,0,0,0,0.218,0,0,0,0,0.765,0.667,0.77,0,0.667,0.775,0,0,0,0.792,,1,1,1,1,0.204,0.189,0.244,1,1,0.23,1,1,1,0.27,1,1,1,1,1,1,1,1,1,1,1,0.333,1,1,0.333,0.691,0.691,0.27,0.287,1,1,1,1,0.199,1,0.27,0.27,0.333,1,1,1,1,0.292,1,1,1,1,1,1,1,0.2,1,1,0.273,0.567,0.489,0.713,0.253,0.333,0.383,0.27,0.526,0.27,1,1,1,1,0.186,0.244,1,1,0.333,0.398,0.244,0.324,1,1,1,1,1,1,1,1,1,0.333,1,1,1,1,1,0.244,0.204,1,1,1,1,0.782,1,1,1,1,0.235,0.333,0.23,1,0.333,0.225,1,1,1,0.208
0,0.019,0,0,0,0,0,0,0,0,0,0.03,0.039,0,0,0,0,0.006,0,0.015,0,0,0,0.01,0.03,0,0,0,0,0,0,0,0,0,0,0.033,0.017,0,0,0,0,0,0,0,0,0,0,0,0.003,0,0.063,0,0,0,0,0,0,0,0,0,0,0,0,0,0,0,0,0,0,0.033,0,0,0,0,0,0,0,0,0,0,0,0.022,0,0,0,0,0,0,0,0,0,0,0,0,0,0,0,0,0,0,0,0,0,0.018,0,0,0,0,0,0,0,0.006,0.095,0,0,,1,0.981,1,1,1,1,1,1,1,1,1,0.97,0.961,1,1,1,1,0.994,1,0.985,1,1,1,0.99,0.97,1,1,1,1,1,1,1,1,1,1,0.967,0.983,1,1,1,1,1,1,1,1,1,1,1,0.997,1,0.937,1,1,1,1,1,1,1,1,1,1,1,1,1,1,1,1,1,1,0.967,1,1,1,1,1,1,1,1,1,1,1,0.978,1,1,1,1,1,1,1,1,1,1,1,1,1,1,1,1,1,1,1,1,1,0.982,1,1,1,1,1,1,1,0.994,0.905,1,1
0,0.001,0,0.018,0.871,0.884,0.824,0,0,0.839,0,0,0,0.796,0,0,0,0,0,0,0,0,0,0,0,0.727,0,0,0.727,0.336,0.336,0.796,0.801,0,0,0,0,0.881,0,0.796,0.796,0.727,0,0,0,0,0.775,0,0.001,0,0,0,0,0,0.872,0.727,0,0,0.474,0.637,0.396,0.82,0.727,0.687,0.796,0.589,0.796,0,0,0,0,0.887,0.824,0.019,0,0.727,0.687,0.824,0.759,0,0,0.004,0,0.01,0,0,0,0,0.727,0,0,0,0,0,0.824,0.9,0,0,0,0,0.284,0,0,0,0,0.841,0.727,0.839,0,0.727,0.845,0.011,0,0,0.863,,1,0.999,1,0.982,0.129,0.116,0.176,1,1,0.161,1,1,1,0.204,1,1,1,1,1,1,1,1,1,1,1,0.273,1,1,0.273,0.664,0.664,0.204,0.199,1,1,1,1,0.119,1,0.204,0.204,0.273,1,1,1,1,0.225,1,0.999,1,1,1,1,1,0.128,0.273,1,1,0.526,0.363,0.604,0.18,0.273,0.313,0.204,0.411,0.204,1,1,1,1,0.113,0.176,0.981,1,0.273,0.313,0.176,0.241,1,1,0.996,1,0.99,1,1,1,1,0.273,1,1,1,1,1,0.176,0.1,1,1,1,1,0.716,1,1,1,1,0.159,0.273,0.161,1,0.273,0.155,0.989,1,1,0.137
0.001,0,0,0,0.517,0.527,0.491,0,0,0.5,0,0,0,0.474,0,0,0,0,0,0,0,0,0,0,0,0.433,0,0,0.433,0.2,0.2,0.474,0.466,0,0,0,0,0.52,0,0.474,0.474,0.433,0,0,0,0,0.46,0,0,0,0,0,0,0,0.52,0.433,0,0.474,0,0.352,0.205,0.485,0.433,0.401,0.474,0.312,0.474,0,0,0,0,0.529,0.491,0,0,0.433,0.405,0.491,0.439,0,0,0,0,0,0,0,0,0,0.433,0,0,0,0,0,0.491,0.519,0,0,0,0,0.142,0,0,0,0,0.497,0.433,0.5,0,0.433,0.503,0,0,0,0.514,,0.999,1,1,1,0.483,0.473,0.509,1,1,0.5,1,1,1,0.526,1,1,1,1,1,1,1,1,1,1,1,0.567,1,1,0.567,0.8,0.8,0.526,0.534,1,1,1,1,0.48,1,0.526,0.526,0.567,1,1,1,1,0.54,1,1,1,1,1,1,1,0.48,0.567,1,0.526,1,0.648,0.795,0.515,0.567,0.599,0.526,0.688,0.526,1,1,1,1,0.471,0.509,1,1,0.567,0.595,0.509,0.561,1,1,1,1,1,1,1,1,1,0.567,1,1,1,1,1,0.509,0.481,1,1,1,1,0.858,1,1,1,1,0.503,0.567,0.5,1,0.567,0.497,1,1,1,0.486
0,0.002,0,0.022,0.617,0.621,0.579,0,0,0.59,0,0,0,0.56,0,0,0,0,0,0,0.005,0,0,0,0,0.511,0,0,0.511,0.237,0.237,0.56,0.598,0,0,0,0,0.624,0,0.56,0.56,0.511,0,0,0,0,0.544,0,0.005,0,0,0,0,0,0.613,0.511,0,0.637,0.352,0,0.388,0.581,0.511,0.495,0.56,0.533,0.56,0,0,0,0,0.624,0.579,0.028,0,0.511,0.561,0.579,0.527,0,0,0.006,0,0.017,0,0,0,0,0.511,0,0,0,0,0,0.579,0.682,0,0,0,0,0.274,0,0,0,0,0.586,0.511,0.59,0,0.511,0.594,0.016,0,0,0.607,,1,0.998,1,0.978,0.383,0.379,0.421,1,1,0.41,1,1,1,0.44,1,1,1,1,1,1,0.995,1,1,1,1,0.489,1,1,0.489,0.763,0.763,0.44,0.402,1,1,1,1,0.376,1,0.44,0.44,0.489,1,1,1,1,0.456,1,0.995,1,1,1,1,1,0.387,0.489,1,0.363,0.648,1,0.612,0.419,0.489,0.505,0.44,0.467,0.44,1,1,1,1,0.376,0.421,0.972,1,0.489,0.439,0.421,0.473,1,1,0.994,1,0.983,1,1,1,1,0.489,1,1,1,1,1,0.421,0.318,1,1,1,1,0.726,1,1,1,1,0.414,0.489,0.41,1,0.489,0.406,0.984,1,1,0.393
0,0.003,0,0.027,0.35,0.349,0.326,0,0,0.332,0,0,0,0.315,0,0,0,0,0,0,0.011,0,0,0,0,0.287,0,0,0.287,0.133,0.133,0.315,0.358,0,0,0,0,0.358,0,0.315,0.315,0.287,0,0,0,0,0.307,0,0.002,0,0,0,0,0,0.345,0.287,0,0.396,0.205,0.388,0,0.333,0.287,0.293,0.315,0.348,0.315,0,0,0,0,0.351,0.326,0.034,0,0.287,0.325,0.326,0.303,0,0,0.007,0,0.021,0,0,0,0,0.287,0,0,0,0,0,0.326,0.405,0,0,0,0,0.188,0,0,0,0,0.329,0.287,0.332,0,0.287,0.334,0.019,0.009,0,0.341,,1,0.997,1,0.973,0.65,0.651,0.674,1,1,0.668,1,1,1,0.685,1,1,1,1,1,1,0.989,1,1,1,1,0.713,1,1,0.713,0.867,0.867,0.685,0.642,1,1,1,1,0.642,1,0.685,0.685,0.713,1,1,1,1,0.693,1,0.998,1,1,1,1,1,0.655,0.713,1,0.604,0.795,0.612,1,0.667,0.713,0.707,0.685,0.652,0.685,1,1,1,1,0.649,0.674,0.966,1,0.713,0.675,0.674,0.697,1,1,0.993,1,0.979,1,1,1,1,0.713,1,1,1,1,1,0.674,0.595,1,1,1,1,0.812,1,1,1,1,0.671,0.713,0.668,1,0.713,0.666,0.981,0.991,1,0.659
0,0.004,0,0.059,0.893,0.909,0.847,0,0,0.863,0,0,0,0.818,0,0,0,0,0,0,0,0,0,0,0,0.747,0,0,0.747,0.346,0.346,0.818,0.821,0,0,0,0,0.925,0,0.818,0.818,0.747,0,0,0,0,0.798,0,0.005,0,0,0,0,0,0.897,0.747,0,0.82,0.485,0.581,0.333,0,0.747,0.749,0.818,0.549,0.818,0,0,0,0,0.912,0.847,0.074,0,0.747,0.729,0.847,0.782,0,0,0.015,0,0.035,0,0,0,0,0.747,0,0,0,0,0,0.847,0.9,0,0,0,0,0.245,0,0,0,0,0.857,0.747,0.863,0,0.747,0.868,0.042,0,0,0.888,,1,0.996,1,0.941,0.107,0.091,0.153,1,1,0.137,1,1,1,0.182,1,1,1,1,1,1,1,1,1,1,1,0.253,1,1,0.253,0.654,0.654,0.182,0.179,1,1,1,1,0.075,1,0.182,0.182,0.253,1,1,1,1,0.202,1,0.995,1,1,1,1,1,0.103,0.253,1,0.18,0.515,0.419,0.667,1,0.253,0.251,0.182,0.451,0.182,1,1,1,1,0.088,0.153,0.926,1,0.253,0.271,0.153,0.218,1,1,0.985,1,0.965,1,1,1,1,0.253,1,1,1,1,1,0.153,0.1,1,1,1,1,0.755,1,1,1,1,0.143,0.253,0.137,1,0.253,0.132,0.958,1,1,0.112
0,0,0,0,0.796,0.811,0.756,0,0,0.77,0,0,0,0.73,0,0,0,0,0,0,0,0,0,0,0,0.667,0,0,0.667,0.309,0.309,0.73,0.713,0,0,0,0,0.801,0,0.73,0.73,0.667,0,0,0,0,0.708,0,0,0,0,0,0,0,0.8,0.667,0,0.727,0.433,0.511,0.287,0.747,0,0.617,0.73,0.474,0.73,0,0,0,0,0.814,0.756,0,0,0.667,0.602,0.756,0.676,0,0,0,0,0,0,0,0,0,0.667,0,0,0,0,0,0.756,0.796,0,0,0,0,0.218,0,0,0,0,0.765,0.667,0.77,0,0.667,0.775,0,0,0,0.792,,1,1,1,1,0.204,0.189,0.244,1,1,0.23,1,1,1,0.27,1,1,1,1,1,1,1,1,1,1,1,0.333,1,1,0.333,0.691,0.691,0.27,0.287,1,1,1,1,0.199,1,0.27,0.27,0.333,1,1,1,1,0.292,1,1,1,1,1,1,1,0.2,0.333,1,0.273,0.567,0.489,0.713,0.253,1,0.383,0.27,0.526,0.27,1,1,1,1,0.186,0.244,1,1,0.333,0.398,0.244,0.324,1,1,1,1,1,1,1,1,1,0.333,1,1,1,1,1,0.244,0.204,1,1,1,1,0.782,1,1,1,1,0.235,0.333,0.23,1,0.333,0.225,1,1,1,0.208
0,0.011,0,0.147,0.74,0.751,0.7,0,0,0.713,0,0,0,0.676,0,0,0,0,0,0,0,0,0,0,0,0.617,0,0,0.617,0.286,0.286,0.676,0.715,0,0,0,0,0.808,0,0.676,0.676,0.617,0,0,0,0,0.666,0,0.012,0,0,0,0,0,0.741,0.617,0,0.687,0.401,0.495,0.293,0.749,0.617,0,0.676,0.483,0.676,0,0,0,0,0.753,0.7,0.183,0,0.617,0.692,0.7,0.688,0,0,0.037,0,0.086,0,0,0,0,0.617,0,0,0,0,0,0.7,0.758,0,0,0,0,0.202,0,0,0,0,0.708,0.617,0.713,0,0.617,0.717,0.103,0,0,0.733,,1,0.989,1,0.853,0.26,0.249,0.3,1,1,0.287,1,1,1,0.324,1,1,1,1,1,1,1,1,1,1,1,0.383,1,1,0.383,0.714,0.714,0.324,0.285,1,1,1,1,0.192,1,0.324,0.324,0.383,1,1,1,1,0.334,1,0.988,1,1,1,1,1,0.259,0.383,1,0.313,0.599,0.505,0.707,0.251,0.383,1,0.324,0.517,0.324,1,1,1,1,0.247,0.3,0.817,1,0.383,0.308,0.3,0.312,1,1,0.963,1,0.914,1,1,1,1,0.383,1,1,1,1,1,0.3,0.242,1,1,1,1,0.798,1,1,1,1,0.292,0.383,0.287,1,0.383,0.283,0.897,1,1,0.267
0,0,0,0,0.872,0.888,0.828,0,0,0.843,0,0,0,0.8,0,0,0,0,0,0,0,0,0,0,0,0.73,0,0,0.73,0.338,0.338,0.8,0.781,0,0,0,0,0.878,0,0.8,0.8,0.73,0,0,0,0,0.776,0,0,0,0,0,0,0,0.876,0.73,0,0.796,0.474,0.56,0.315,0.818,0.73,0.676,0,0.519,0.8,0,0,0,0,0.892,0.828,0,0,0.73,0.66,0.828,0.74,0,0,0,0,0,0,0,0,0,0.73,0,0,0,0,0,0.828,0.872,0,0,0,0,0.239,0,0,0,0,0.838,0.73,0.843,0,0.73,0.849,0,0,0,0.868,,1,1,1,1,0.128,0.112,0.172,1,1,0.157,1,1,1,0.2,1,1,1,1,1,1,1,1,1,1,1,0.27,1,1,0.27,0.662,0.662,0.2,0.219,1,1,1,1,0.122,1,0.2,0.2,0.27,1,1,1,1,0.224,1,1,1,1,1,1,1,0.124,0.27,1,0.204,0.526,0.44,0.685,0.182,0.27,0.324,1,0.481,0.2,1,1,1,1,0.108,0.172,1,1,0.27,0.34,0.172,0.26,1,1,1,1,1,1,1,1,1,0.27,1,1,1,1,1,0.172,0.128,1,1,1,1,0.761,1,1,1,1,0.162,0.27,0.157,1,0.27,0.151,1,1,1,0.132
0,0.004,0,0.056,0.573,0.576,0.537,0.002,0,0.547,0,0,0,0.519,0.001,0,0,0,0,0,0.002,0,0.003,0,0,0.474,0,0,0.474,0.219,0.219,0.519,0.556,0,0,0,0,0.59,0.001,0.519,0.519,0.474,0,0,0,0,0.506,0,0.022,0,0,0,0,0,0.568,0.474,0,0.589,0.312,0.533,0.348,0.549,0.474,0.483,0.519,0,0.519,0,0,0,0,0.578,0.537,0.057,0,0.474,0.679,0.537,0.504,0,0,0.014,0,0.033,0.001,0.006,0,0,0.474,0,0,0,0,0,0.537,0.653,0,0.002,0,0,0.227,0,0,0,0,0.545,0.474,0.547,0,0.474,0.551,0.039,0.001,0,0.563,,1,0.996,1,0.944,0.427,0.424,0.463,0.998,1,0.453,1,1,1,0.481,0.999,1,1,1,1,1,0.998,1,0.997,1,1,0.526,1,1,0.526,0.781,0.781,0.481,0.444,1,1,1,1,0.41,0.999,0.481,0.481,0.526,1,1,1,1,0.494,1,0.978,1,1,1,1,1,0.432,0.526,1,0.411,0.688,0.467,0.652,0.451,0.526,0.517,0.481,1,0.481,1,1,1,1,0.422,0.463,0.943,1,0.526,0.321,0.463,0.496,1,1,0.986,1,0.967,0.999,0.994,1,1,0.526,1,1,1,1,1,0.463,0.347,1,0.998,1,1,0.773,1,1,1,1,0.455,0.526,0.453,1,0.526,0.449,0.961,0.999,1,0.437
0,0,0,0,0.872,0.888,0.828,0,0,0.843,0,0,0,0.8,0,0,0,0,0,0,0,0,0,0,0,0.73,0,0,0.73,0.338,0.338,0.8,0.781,0,0,0,0,0.878,0,0.8,0.8,0.73,0,0,0,0,0.776,0,0,0,0,0,0,0,0.876,0.73,0,0.796,0.474,0.56,0.315,0.818,0.73,0.676,0.8,0.519,0,0,0,0,0,0.892,0.828,0,0,0.73,0.66,0.828,0.74,0,0,0,0,0,0,0,0,0,0.73,0,0,0,0,0,0.828,0.873,0,0,0,0,0.239,0,0,0,0,0.838,0.73,0.843,0,0.73,0.849,0,0,0,0.868,,1,1,1,1,0.128,0.112,0.172,1,1,0.157,1,1,1,0.2,1,1,1,1,1,1,1,1,1,1,1,0.27,1,1,0.27,0.662,0.662,0.2,0.219,1,1,1,1,0.122,1,0.2,0.2,0.27,1,1,1,1,0.224,1,1,1,1,1,1,1,0.124,0.27,1,0.204,0.526,0.44,0.685,0.182,0.27,0.324,0.2,0.481,1,1,1,1,1,0.108,0.172,1,1,0.27,0.34,0.172,0.26,1,1,1,1,1,1,1,1,1,0.27,1,1,1,1,1,0.172,0.127,1,1,1,1,0.761,1,1,1,1,0.162,0.27,0.157,1,0.27,0.151,1,1,1,0.132
0,0.05,0,0,0,0,0,0,0,0,0,0.028,0,0,0,0,0,0.011,0,0,0,0,0,0,0,0,0,0,0,0,0,0,0,0,0,0,0,0,0,0,0,0,0,0,0,0,0,0,0,0,0,0,0,0,0,0,0,0,0,0,0,0,0,0,0,0,0,0,0,0.032,0,0,0,0,0,0,0,0,0,0,0,0,0,0.048,0,0,0,0,0,0,0,0,0,0,0,0,0,0.019,0,0,0,0,0,0,0,0,0,0,0,0,0,0,0,0,0,,1,0.95,1,1,1,1,1,1,1,1,1,0.972,1,1,1,1,1,0.989,1,1,1,1,1,1,1,1,1,1,1,1,1,1,1,1,1,1,1,1,1,1,1,1,1,1,1,1,1,1,1,1,1,1,1,1,1,1,1,1,1,1,1,1,1,1,1,1,1,1,1,0.968,1,1,1,1,1,1,1,1,1,1,1,1,1,0.952,1,1,1,1,1,1,1,1,1,1,1,1,1,0.981,1,1,1,1,1,1,1,1,1,1,1,1,1,1,1,1,1
0,0,0,0.023,0,0,0,0,0,0,0,0,0,0,0,0,0,0,0,0,0,0,0,0,0,0,0,0,0,0,0,0,0,0,0,0,0,0,0,0,0,0,0,0,0,0,0,0,0,0,0,0,0,0,0,0,0,0,0,0,0,0,0,0,0,0,0,0,0,0.319,0,0,0,0,0,0,0,0,0,0,0,0,0,0,0,0,0,0,0,0,0,0,0,0,0,0,0,0,0,0,0,0,0,0,0,0,0,0,0,0,0,0,0,0,0,,1,1,1,0.977,1,1,1,1,1,1,1,1,1,1,1,1,1,1,1,1,1,1,1,1,1,1,1,1,1,1,1,1,1,1,1,1,1,1,1,1,1,1,1,1,1,1,1,1,1,1,1,1,1,1,1,1,1,1,1,1,1,1,1,1,1,1,1,1,1,0.681,1,1,1,1,1,1,1,1,1,1,1,1,1,1,1,1,1,1,1,1,1,1,1,1,1,1,1,1,1,1,1,1,1,1,1,1,1,1,1,1,1,1,1,1,1
0,0.001,0,0.02,0,0,0,0,0,0,0,0.042,0.082,0,0.016,0.053,0,0,0,0.042,0,0.036,0,0,0.021,0,0,0,0,0,0,0,0,0,0,0,0,0,0,0,0,0,0.03,0,0,0,0,0,0,0,0.029,0,0,0,0,0,0.033,0,0,0,0,0,0,0,0,0,0,0.032,0.319,0,0,0,0,0,0,0,0,0,0,0,0,0,0,0,0,0,0,0,0,0,0,0,0,0,0,0,0,0,0,0,0,0,0,0,0,0,0,0,0.025,0,0,0,0,0,0,,1,0.999,1,0.98,1,1,1,1,1,1,1,0.958,0.918,1,0.984,0.947,1,1,1,0.958,1,0.964,1,1,0.979,1,1,1,1,1,1,1,1,1,1,1,1,1,1,1,1,1,0.97,1,1,1,1,1,1,1,0.971,1,1,1,1,1,0.967,1,1,1,1,1,1,1,1,1,1,0.968,0.681,1,1,1,1,1,1,1,1,1,1,1,1,1,1,1,1,1,1,1,1,1,1,1,1,1,1,1,1,1,1,1,1,1,1,1,1,1,1,1,0.975,1,1,1,1,1,1
0,0.091,0,0,0,0,0,0.131,0.062,0,0,0.027,0.035,0,0.042,0,0,0.076,0,0,0.016,0,0.025,0.052,0,0,0,0.054,0,0,0,0,0,0,0.021,0,0,0,0.034,0,0,0,0,0,0,0,0,0,0.006,0,0,0,0,0,0,0,0,0,0,0,0,0,0,0,0,0,0,0,0,0,0,0,0,0,0,0,0,0,0,0,0,0.019,0,0.03,0.141,0,0,0.078,0,0,0,0,0,0.045,0,0,0.097,0.018,0,0,0,0,0,0,0,0,0,0,0,0,0,0,0,0,0,,1,0.909,1,1,1,1,1,0.869,0.938,1,1,0.973,0.965,1,0.958,1,1,0.924,1,1,0.984,1,0.975,0.948,1,1,1,0.946,1,1,1,1,1,1,0.979,1,1,1,0.966,1,1,1,1,1,1,1,1,1,0.994,1,1,1,1,1,1,1,1,1,1,1,1,1,1,1,1,1,1,1,1,1,1,1,1,1,1,1,1,1,1,1,1,0.981,1,0.97,0.859,1,1,0.922,1,1,1,1,1,0.955,1,1,0.903,0.982,1,1,1,1,1,1,1,1,1,1,1,1,1,1,1,1,1
0,0,0,0,0.972,0.99,0.923,0,0,0.94,0,0,0,0.892,0,0,0,0,0,0,0,0,0,0,0,0.814,0,0,0.814,0.377,0.377,0.892,0.87,0,0,0,0,0.978,0,0.892,0.892,0.814,0,0,0,0,0.865,0,0,0,0,0,0,0,0.977,0.814,0,0.887,0.529,0.624,0.351,0.912,0.814,0.753,0.892,0.578,0.892,0,0,0,0,0,0.923,0,0,0.814,0.736,0.923,0.825,0,0,0,0,0,0,0,0,0,0.814,0,0,0,0,0,0.923,0.971,0,0,0,0,0.266,0,0,0,0,0.934,0.814,0.94,0,0.814,0.946,0,0,0,0.967,,1,1,1,1,0.028,0.01,0.077,1,1,0.06,1,1,1,0.108,1,1,1,1,1,1,1,1,1,1,1,0.186,1,1,0.186,0.623,0.623,0.108,0.13,1,1,1,1,0.022,1,0.108,0.108,0.186,1,1,1,1,0.135,1,1,1,1,1,1,1,0.023,0.186,1,0.113,0.471,0.376,0.649,0.088,0.186,0.247,0.108,0.422,0.108,1,1,1,1,1,0.077,1,1,0.186,0.264,0.077,0.175,1,1,1,1,1,1,1,1,1,0.186,1,1,1,1,1,0.077,0.029,1,1,1,1,0.734,1,1,1,1,0.066,0.186,0.06,1,0.186,0.054,1,1,1,0.033
0,0,0,0,0.902,0.919,0.857,0,0,0.873,0,0,0,0.828,0,0,0,0,0,0,0,0,0,0,0,0.756,0,0,0.756,0.35,0.35,0.828,0.808,0,0,0,0,0.908,0,0.828,0.828,0.756,0,0,0,0,0.803,0,0,0,0,0,0,0,0.907,0.756,0,0.824,0.491,0.579,0.326,0.847,0.756,0.7,0.828,0.537,0.828,0,0,0,0,0.923,0,0,0,0.756,0.683,0.857,0.766,0,0,0,0,0,0,0,0,0,0.756,0,0,0,0,0,0.857,0.902,0,0,0,0,0.247,0,0,0,0,0.867,0.882,0.873,0,0.756,0.879,0,0,0,0.898,,1,1,1,1,0.098,0.081,0.143,1,1,0.127,1,1,1,0.172,1,1,1,1,1,1,1,1,1,1,1,0.244,1,1,0.244,0.65,0.65,0.172,0.192,1,1,1,1,0.092,1,0.172,0.172,0.244,1,1,1,1,0.197,1,1,1,1,1,1,1,0.093,0.244,1,0.176,0.509,0.421,0.674,0.153,0.244,0.3,0.172,0.463,0.172,1,1,1,1,0.077,1,1,1,0.244,0.317,0.143,0.234,1,1,1,1,1,1,1,1,1,0.244,1,1,1,1,1,0.143,0.098,1,1,1,1,0.753,1,1,1,1,0.133,0.118,0.127,1,0.244,0.121,1,1,1,0.102
0,0.025,0,0.188,0.004,0,0,0,0,0,0,0,0,0,0,0,0,0,0,0,0,0,0,0,0,0,0,0,0,0,0,0,0.071,0,0,0,0,0.086,0,0,0,0,0,0,0,0,0.026,0,0.015,0,0,0,0,0,0,0,0,0.019,0,0.028,0.034,0.074,0,0.183,0,0.057,0,0,0,0,0,0,0,0,0,0,0.172,0,0.08,0,0,0.048,0,0.111,0,0,0,0,0,0,0,0,0,0,0,0.027,0,0,0,0,0,0,0,0,0,0,0,0,0,0,0,0.133,0,0,0,,1,0.975,1,0.812,0.996,1,1,1,1,1,1,1,1,1,1,1,1,1,1,1,1,1,1,1,1,1,1,1,1,1,1,1,0.929,1,1,1,1,0.914,1,1,1,1,1,1,1,1,0.974,1,0.985,1,1,1,1,1,1,1,1,0.981,1,0.972,0.966,0.926,1,0.817,1,0.943,1,1,1,1,1,1,1,1,1,1,0.828,1,0.92,1,1,0.952,1,0.889,1,1,1,1,1,1,1,1,1,1,1,0.973,1,1,1,1,1,1,1,1,1,1,1,1,1,1,1,0.867,1,1,1
0,0,0,0,0,0,0,0,0,0,0,0,0,0,0,0,0,0,0,0,0,0,0,0,0,0,0,0,0,0,0,0,0,0,0,0,0,0,0,0,0,0,0,0,0,0,0.019,0,0,0,0,0,0,0,0,0,0,0,0,0,0,0,0,0,0,0,0,0,0,0,0,0,0,0,0,0,0,0,0,0,0,0,0,0,0,0,0,0,0,0,0,0,0,0,0,0,0,0,0,0,0,0,0,0,0,0,0,0,0,0,0,0,0,0,0,,1,1,1,1,1,1,1,1,1,1,1,1,1,1,1,1,1,1,1,1,1,1,1,1,1,1,1,1,1,1,1,1,1,1,1,1,1,1,1,1,1,1,1,1,1,1,0.981,1,1,1,1,1,1,1,1,1,1,1,1,1,1,1,1,1,1,1,1,1,1,1,1,1,1,1,1,1,1,1,1,1,1,1,1,1,1,1,1,1,1,1,1,1,1,1,1,1,1,1,1,1,1,1,1,1,1,1,1,1,1,1,1,1,1,1,1
0,0,0,0,0.796,0.811,0.756,0,0,0.77,0,0,0,0.73,0,0,0,0,0,0,0,0,0,0,0,0.667,0,0,0.667,0.309,0.309,0.73,0.713,0,0,0,0,0.801,0,0.73,0.73,0.667,0,0,0,0,0.708,0,0,0,0,0,0,0,0.8,0.667,0,0.727,0.433,0.511,0.287,0.747,0.667,0.617,0.73,0.474,0.73,0,0,0,0,0.814,0.756,0,0,0,0.602,0.756,0.676,0,0,0,0,0,0,0,0,0,0.667,0,0,0,0,0,0.756,0.796,0,0,0,0,0.218,0,0,0,0,0.765,0.667,0.77,0,0.667,0.775,0,0,0,0.792,,1,1,1,1,0.204,0.189,0.244,1,1,0.23,1,1,1,0.27,1,1,1,1,1,1,1,1,1,1,1,0.333,1,1,0.333,0.691,0.691,0.27,0.287,1,1,1,1,0.199,1,0.27,0.27,0.333,1,1,1,1,0.292,1,1,1,1,1,1,1,0.2,0.333,1,0.273,0.567,0.489,0.713,0.253,0.333,0.383,0.27,0.526,0.27,1,1,1,1,0.186,0.244,1,1,1,0.398,0.244,0.324,1,1,1,1,1,1,1,1,1,0.333,1,1,1,1,1,0.244,0.204,1,1,1,1,0.782,1,1,1,1,0.235,0.333,0.23,1,0.333,0.225,1,1,1,0.208
0.001,0.011,0,0.157,0.724,0.733,0.683,0.001,0,0.696,0.004,0.004,0,0.66,0.004,0,0,0.001,0,0,0.008,0,0.001,0,0,0.602,0,0,0.602,0.279,0.279,0.66,0.704,0,0.005,0,0,0.787,0.001,0.66,0.66,0.602,0.003,0,0,0,0.653,0,0.031,0,0,0,0,0,0.723,0.602,0,0.687,0.405,0.561,0.325,0.729,0.602,0.692,0.66,0.679,0.66,0,0,0,0,0.736,0.683,0.172,0,0.602,0,0.683,0.684,0,0.001,0.038,0,0.093,0.001,0.007,0,0.001,0.602,0,0,0,0,0,0.683,0.776,0,0.001,0,0,0.211,0,0,0,0,0.698,0.602,0.696,0,0.602,0.7,0.102,0.001,0,0.718,,0.999,0.989,1,0.843,0.276,0.267,0.317,0.999,1,0.304,0.996,0.996,1,0.34,0.996,1,1,0.999,1,1,0.992,1,0.999,1,1,0.398,1,1,0.398,0.721,0.721,0.34,0.296,1,0.995,1,1,0.213,0.999,0.34,0.34,0.398,0.997,1,1,1,0.347,1,0.969,1,1,1,1,1,0.277,0.398,1,0.313,0.595,0.439,0.675,0.271,0.398,0.308,0.34,0.321,0.34,1,1,1,1,0.264,0.317,0.828,1,0.398,1,0.317,0.316,1,0.999,0.962,1,0.907,0.999,0.993,1,0.999,0.398,1,1,1,1,1,0.317,0.224,1,0.999,1,1,0.789,1,1,1,1,0.302,0.398,0.304,1,0.398,0.3,0.898,0.999,1,0.282
0,0,0,0,0.902,0.919,0.857,0,0,0.873,0,0,0,0.828,0,0,0,0,0,0,0,0,0,0,0,0.756,0,0,0.756,0.35,0.35,0.828,0.808,0,0,0,0,0.908,0,0.828,0.828,0.756,0,0,0,0,0.803,0,0,0,0,0,0,0,0.907,0.756,0,0.824,0.491,0.579,0.326,0.847,0.756,0.7,0.828,0.537,0.828,0,0,0,0,0.923,0.857,0,0,0.756,0.683,0,0.766,0,0,0,0,0,0,0,0,0,0.756,0,0,0,0,0,0.857,0.903,0,0,0,0,0.247,0,0,0,0,0.867,0.756,0.873,0,0.756,0.879,0,0,0,0.898,,1,1,1,1,0.098,0.081,0.143,1,1,0.127,1,1,1,0.172,1,1,1,1,1,1,1,1,1,1,1,0.244,1,1,0.244,0.65,0.65,0.172,0.192,1,1,1,1,0.092,1,0.172,0.172,0.244,1,1,1,1,0.197,1,1,1,1,1,1,1,0.093,0.244,1,0.176,0.509,0.421,0.674,0.153,0.244,0.3,0.172,0.463,0.172,1,1,1,1,0.077,0.143,1,1,0.244,0.317,1,0.234,1,1,1,1,1,1,1,1,1,0.244,1,1,1,1,1,0.143,0.097,1,1,1,1,0.753,1,1,1,1,0.133,0.244,0.127,1,0.244,0.121,1,1,1,0.102
0,0.005,0,0.096,0.808,0.822,0.766,0,0,0.78,0,0,0,0.74,0,0,0,0,0,0,0,0,0,0,0,0.676,0,0,0.676,0.313,0.313,0.74,0.747,0,0,0,0,0.846,0,0.74,0.74,0.676,0,0,0,0,0.727,0,0.008,0,0,0,0,0,0.811,0.676,0,0.759,0.439,0.527,0.303,0.782,0.676,0.688,0.74,0.504,0.74,0,0,0,0,0.825,0.766,0.08,0,0.676,0.684,0.766,0,0,0,0.016,0,0.044,0,0,0,0,0.676,0,0,0,0,0,0.766,0.831,0,0,0,0,0.221,0,0,0,0,0.853,0.676,0.78,0,0.676,0.786,0.045,0,0.068,0.803,,1,0.995,1,0.904,0.192,0.178,0.234,1,1,0.22,1,1,1,0.26,1,1,1,1,1,1,1,1,1,1,1,0.324,1,1,0.324,0.687,0.687,0.26,0.253,1,1,1,1,0.154,1,0.26,0.26,0.324,1,1,1,1,0.273,1,0.992,1,1,1,1,1,0.189,0.324,1,0.241,0.561,0.473,0.697,0.218,0.324,0.312,0.26,0.496,0.26,1,1,1,1,0.175,0.234,0.92,1,0.324,0.316,0.234,1,1,1,0.984,1,0.956,1,1,1,1,0.324,1,1,1,1,1,0.234,0.169,1,1,1,1,0.779,1,1,1,1,0.147,0.324,0.22,1,0.324,0.214,0.955,1,0.932,0.197
0,0.001,0,0,0,0,0,0,0,0,0,0.027,0,0,0,0,0.3,0.011,0,0,0,0,0.025,0.035,0.027,0,0,0,0,0,0,0,0,0.283,0,0,0,0,0,0,0,0,0,0,0,0,0.016,0,0.012,0,0,0,0,0,0,0,0,0,0,0,0,0,0,0,0,0,0,0,0,0,0,0,0,0,0,0,0,0,0,0,0.42,0,0,0,0,0,0,0.04,0,0.041,0,0,0.073,0,0,0,0,0,0,0,0,0,0,0.033,0,0,0,0,0,0,0,0,0,0,0.012,,1,0.999,1,1,1,1,1,1,1,1,1,0.973,1,1,1,1,0.7,0.989,1,1,1,1,0.975,0.965,0.973,1,1,1,1,1,1,1,1,0.717,1,1,1,1,1,1,1,1,1,1,1,1,0.984,1,0.988,1,1,1,1,1,1,1,1,1,1,1,1,1,1,1,1,1,1,1,1,1,1,1,1,1,1,1,1,1,1,1,0.58,1,1,1,1,1,1,0.96,1,0.959,1,1,0.927,1,1,1,1,1,1,1,1,1,1,0.967,1,1,1,1,1,1,1,1,1,1,0.988
0,0,0,0,0,0,0,0,0,0,0.008,0,0,0,0,0,0.657,0,0,0,0,0,0,0.069,0,0,0,0,0,0,0,0,0,0,0,0,0,0,0,0,0,0,0,0,0,0,0.007,0,0,0,0,0,0,0,0,0,0,0,0,0,0,0,0,0,0,0,0,0,0,0,0,0,0,0,0,0,0.001,0,0,0.42,0,0,0,0,0,0,0,0,0,0,0,0,0,0,0,0,0,0,0,0,0,0,0,0,0,0,0,0,0,0,0,0,0,0,0,,1,1,1,1,1,1,1,1,1,1,0.992,1,1,1,1,1,0.343,1,1,1,1,1,1,0.931,1,1,1,1,1,1,1,1,1,1,1,1,1,1,1,1,1,1,1,1,1,1,0.993,1,1,1,1,1,1,1,1,1,1,1,1,1,1,1,1,1,1,1,1,1,1,1,1,1,1,1,1,1,0.999,1,1,0.58,1,1,1,1,1,1,1,1,1,1,1,1,1,1,1,1,1,1,1,1,1,1,1,1,1,1,1,1,1,1,1,1,1,1,1
0.009,0.09,0.033,0.064,0.002,0,0,0.099,0.031,0,0,0.094,0.018,0,0.064,0,0,0.049,0.022,0,0.016,0,0.012,0.043,0.027,0,0.05,0.027,0,0,0,0,0.014,0,0.032,0.06,0.031,0.019,0.026,0.022,0,0,0.039,0,0,0,0.009,0,0.068,0,0,0,0,0,0,0,0.022,0.004,0,0.006,0.007,0.015,0,0.037,0,0.014,0,0,0,0,0.019,0,0,0.048,0,0,0.038,0,0.016,0,0,0,0,0.068,0.029,0,0,0.059,0,0,0,0,0.018,0.045,0,0.006,0.068,0.018,0,0,0,0,0,0,0,0,0,0,0,0,0,0.049,0.183,0.02,0,,0.991,0.91,0.967,0.936,0.998,1,1,0.901,0.969,1,1,0.906,0.982,1,0.936,1,1,0.951,0.978,1,0.984,1,0.988,0.957,0.973,1,0.95,0.973,1,1,1,1,0.986,1,0.968,0.94,0.969,0.981,0.974,0.978,1,1,0.961,1,1,1,0.991,1,0.932,1,1,1,1,1,1,1,0.978,0.996,1,0.994,0.993,0.985,1,0.963,1,0.986,1,1,1,1,0.981,1,1,0.952,1,1,0.962,1,0.984,1,1,1,1,0.932,0.971,1,1,0.941,1,1,1,1,0.982,0.955,1,0.994,0.932,0.982,1,1,1,1,1,1,1,1,1,1,1,1,1,0.951,0.817,0.98,1
0,0,0,0,0,0,0,0,0,0,0,0,0,0,0,0,0,0,0,0,0,0,0,0,0,0,0,0,0,0,0,0,0,0,0,0,0,0,0,0,0,0,0,0,0,0,0,0,0,0,0,0,0,0,0,0,0,0,0,0,0,0,0,0,0,0,0,0,0,0,0,0,0,0,0,0,0,0,0,0,0,0,0,0,0,0,0,0,0,0,0,0,0,0,0,0,0,0,0,0,0,0,0,0,0,0,0,0,0,0,0,0,0,0,0,,1,1,1,1,1,1,1,1,1,1,1,1,1,1,1,1,1,1,1,1,1,1,1,1,1,1,1,1,1,1,1,1,1,1,1,1,1,1,1,1,1,1,1,1,1,1,1,1,1,1,1,1,1,1,1,1,1,1,1,1,1,1,1,1,1,1,1,1,1,1,1,1,1,1,1,1,1,1,1,1,1,1,1,1,1,1,1,1,1,1,1,1,1,1,1,1,1,1,1,1,1,1,1,1,1,1,1,1,1,1,1,1,1,1,1
0.014,0.132,0.025,0.232,0.002,0,0,0.102,0.048,0,0,0,0.055,0,0.074,0.027,0,0.071,0,0.021,0.173,0.018,0.029,0,0,0,0,0.052,0,0,0,0,0.038,0,0.042,0,0,0.041,0.046,0,0,0,0.015,0,0.018,0,0.017,0,0.117,0,0,0,0,0,0,0,0,0.01,0,0.017,0.021,0.035,0,0.086,0,0.033,0,0.048,0,0,0.03,0,0,0.111,0,0,0.093,0,0.044,0,0,0.068,0,0,0.04,0.07,0,0.061,0,0,0,0,0,0.087,0,0.014,0.045,0.113,0,0,0.041,0,0,0,0,0,0,0,0.013,0,0,0.159,0.047,0.062,0,,0.986,0.868,0.975,0.768,0.998,1,1,0.898,0.952,1,1,1,0.945,1,0.926,0.973,1,0.929,1,0.979,0.827,0.982,0.971,1,1,1,1,0.948,1,1,1,1,0.962,1,0.958,1,1,0.959,0.954,1,1,1,0.985,1,0.982,1,0.983,1,0.883,1,1,1,1,1,1,1,1,0.99,1,0.983,0.979,0.965,1,0.914,1,0.967,1,0.952,1,1,0.97,1,1,0.889,1,1,0.907,1,0.956,1,1,0.932,1,1,0.96,0.93,1,0.939,1,1,1,1,1,0.913,1,0.986,0.955,0.887,1,1,0.959,1,1,1,1,1,1,1,0.987,1,1,0.841,0.953,0.938,1
0.002,0.135,0.039,0.012,0,0,0,0.136,0.061,0,0.006,0.007,0.043,0,0.052,0,0,0.1,0,0,0.058,0,0.276,0.004,0.007,0,0.024,0.053,0,0,0,0,0,0,0.183,0,0,0,0.037,0,0,0,0.094,0,0.116,0,0,0,0.069,0,0,0,0,0,0,0,0,0,0,0,0,0,0,0,0,0.001,0,0,0,0,0.141,0,0,0,0,0,0.001,0,0,0,0,0.029,0,0.04,0,0.018,0,0.077,0,0,0,0,0.044,0.044,0,0,0.255,0.022,0,0,0.128,0,0,0,0,0,0,0,0,0,0,0.003,0.006,0.098,0,,0.998,0.865,0.961,0.988,1,1,1,0.864,0.939,1,0.994,0.993,0.957,1,0.948,1,1,0.9,1,1,0.942,1,0.724,0.996,0.993,1,0.976,0.947,1,1,1,1,1,1,0.817,1,1,1,0.963,1,1,1,0.906,1,0.884,1,1,1,0.931,1,1,1,1,1,1,1,1,1,1,1,1,1,1,1,1,0.999,1,1,1,1,0.859,1,1,1,1,1,0.999,1,1,1,1,0.971,1,0.96,1,0.982,1,0.923,1,1,1,1,0.956,0.956,1,1,0.745,0.978,1,1,0.872,1,1,1,1,1,1,1,1,1,1,0.997,0.994,0.902,1
0,0,0,0.071,0,0,0,0,0,0,0,0,0,0,0,0,0,0,0.08,0.025,0,0,0.046,0,0,0,0,0,0,0,0,0,0.005,0,0,0,0,0,0,0,0,0,0,0,0,0,0,0,0.011,0,0,0,0,0,0,0,0,0,0,0,0,0,0,0,0,0.006,0,0,0,0,0,0,0,0,0,0,0.007,0,0,0,0,0,0,0.07,0.018,0,0,0,0,0,0,0,0.033,0,0,0,0.054,0,0,0,0,0,0,0,0,0,0,0,0,0,0,0.01,0,0.112,0,,1,1,1,0.929,1,1,1,1,1,1,1,1,1,1,1,1,1,1,0.92,0.975,1,1,0.954,1,1,1,1,1,1,1,1,1,0.995,1,1,1,1,1,1,1,1,1,1,1,1,1,1,1,0.989,1,1,1,1,1,1,1,1,1,1,1,1,1,1,1,1,0.994,1,1,1,1,1,1,1,1,1,1,0.993,1,1,1,1,1,1,0.93,0.982,1,1,1,1,1,1,1,0.967,1,1,1,0.946,1,1,1,1,1,1,1,1,1,1,1,1,1,1,0.99,1,0.888,1
0,0,0,0,0,0,0,0,0,0,0,0,0,0,0,0,0,0,0,0,0,0,0,0,0,0,0,0,0,0,0,0,0,0,0,0,0,0,0,0,0,0,0,0,0,0,0,0,0,0,0,0,0,0,0,0,0,0,0,0,0,0,0,0,0,0,0,0,0,0,0,0,0,0,0,0,0,0,0,0,0,0,0,0,0,0,0,0,0,0,0,0,0,0,0,0,0,0,0,0,0,0,0,0,0,0,0,0,0,0,0,0,0,0,0,,1,1,1,1,1,1,1,1,1,1,1,1,1,1,1,1,1,1,1,1,1,1,1,1,1,1,1,1,1,1,1,1,1,1,1,1,1,1,1,1,1,1,1,1,1,1,1,1,1,1,1,1,1,1,1,1,1,1,1,1,1,1,1,1,1,1,1,1,1,1,1,1,1,1,1,1,1,1,1,1,1,1,1,1,1,1,1,1,1,1,1,1,1,1,1,1,1,1,1,1,1,1,1,1,1,1,1,1,1,1,1,1,1,1,1
0.024,0.198,0,0,0,0,0,0.267,0.126,0,0,0.027,0.072,0,0.086,0,0,0.154,0,0,0.032,0,0,0,0,0,0,0.11,0,0,0,0,0,0.071,0.044,0,0,0,0.069,0,0,0,0,0,0,0,0.066,0,0.019,0,0,0,0,0,0,0,0,0,0,0,0,0,0,0,0,0,0,0,0,0,0.078,0,0,0,0,0,0.001,0,0,0.04,0,0.059,0,0.061,0.077,0,0,0,0,0,0,0,0,0.092,0,0,0.118,0.037,0,0,0,0,0,0,0,0,0,0,0,0,0,0.011,0,0,0.012,,0.976,0.802,1,1,1,1,1,0.733,0.874,1,1,0.973,0.928,1,0.914,1,1,0.846,1,1,0.968,1,1,1,1,1,1,0.89,1,1,1,1,1,0.929,0.956,1,1,1,0.931,1,1,1,1,1,1,1,0.934,1,0.981,1,1,1,1,1,1,1,1,1,1,1,1,1,1,1,1,1,1,1,1,1,0.922,1,1,1,1,1,0.999,1,1,0.96,1,0.941,1,0.939,0.923,1,1,1,1,1,1,1,1,0.908,1,1,0.882,0.963,1,1,1,1,1,1,1,1,1,1,1,1,1,0.989,1,1,0.988
0,0,0,0,0.796,0.811,0.756,0,0,0.77,0,0,0,0.73,0,0,0,0,0,0,0,0,0,0,0,0.667,0,0,0.667,0.309,0.309,0.73,0.713,0,0,0,0,0.801,0,0.73,0.73,0.667,0,0,0,0,0.708,0,0,0,0,0,0,0,0.8,0.667,0,0.727,0.433,0.511,0.287,0.747,0.667,0.617,0.73,0.474,0.73,0,0,0,0,0.814,0.756,0,0,0.667,0.602,0.756,0.676,0,0,0,0,0,0,0,0,0,0,0,0,0,0,0,0.756,0.796,0,0,0,0,0.218,0,0,0,0,0.765,0.667,0.77,0,0.667,0.775,0,0,0,0.792,,1,1,1,1,0.204,0.189,0.244,1,1,0.23,1,1,1,0.27,1,1,1,1,1,1,1,1,1,1,1,0.333,1,1,0.333,0.691,0.691,0.27,0.287,1,1,1,1,0.199,1,0.27,0.27,0.333,1,1,1,1,0.292,1,1,1,1,1,1,1,0.2,0.333,1,0.273,0.567,0.489,0.713,0.253,0.333,0.383,0.27,0.526,0.27,1,1,1,1,0.186,0.244,1,1,0.333,0.398,0.244,0.324,1,1,1,1,1,1,1,1,1,1,1,1,1,1,1,0.244,0.204,1,1,1,1,0.782,1,1,1,1,0.235,0.333,0.23,1,0.333,0.225,1,1,1,0.208
0,0,0,0.026,0,0,0,0,0,0,0,0,0,0,0,0,0,0,0,0,0,0,0,0,0,0,0.102,0,0,0,0,0,0,0,0,0,0,0,0,0,0,0,0,0,0,0,0,0,0.013,0,0,0,0,0,0,0,0,0,0,0,0,0,0,0,0,0,0,0,0,0,0,0,0,0,0,0,0,0,0,0.041,0,0,0,0,0,0,0,0,0,0,0,0,0.037,0,0,0,0,0,0,0,0,0,0,0,0,0,0,0,0,0,0,0,0,0,0,,1,1,1,0.974,1,1,1,1,1,1,1,1,1,1,1,1,1,1,1,1,1,1,1,1,1,1,0.898,1,1,1,1,1,1,1,1,1,1,1,1,1,1,1,1,1,1,1,1,1,0.987,1,1,1,1,1,1,1,1,1,1,1,1,1,1,1,1,1,1,1,1,1,1,1,1,1,1,1,1,1,1,0.959,1,1,1,1,1,1,1,1,1,1,1,1,0.963,1,1,1,1,1,1,1,1,1,1,1,1,1,1,1,1,1,1,1,1,1,1
0,0,0,0,0,0,0,0,0,0,0,0,0,0,0,0,0,0,0,0,0,0,0,0,0,0,0,0,0,0,0,0,0,0,0,0,0,0,0,0,0,0,0,0,0,0,0,0,0,0,0,0,0,0,0,0,0,0,0,0,0,0,0,0,0,0,0,0,0,0,0,0,0,0,0,0,0,0,0,0,0,0,0,0,0,0,0,0,0,0,0,0,0,0,0,0,0,0,0,0,0,0,0,0,0,0,0,0,0,0,0,0,0,0,0,,1,1,1,1,1,1,1,1,1,1,1,1,1,1,1,1,1,1,1,1,1,1,1,1,1,1,1,1,1,1,1,1,1,1,1,1,1,1,1,1,1,1,1,1,1,1,1,1,1,1,1,1,1,1,1,1,1,1,1,1,1,1,1,1,1,1,1,1,1,1,1,1,1,1,1,1,1,1,1,1,1,1,1,1,1,1,1,1,1,1,1,1,1,1,1,1,1,1,1,1,1,1,1,1,1,1,1,1,1,1,1,1,1,1,1
0.004,0,0,0,0.007,0,0,0,0,0,0.103,0,0,0,0,0,0,0,0,0,0,0,0,0,0,0,0,0,0,0,0,0,0,0,0,0,0,0,0,0,0,0,0,0,0,0,0,0,0,0,0,0,0,0,0,0,0,0,0,0,0,0,0,0,0,0,0,0,0,0,0,0,0,0,0,0,0,0,0,0,0,0,0,0,0,0,0,0,0,0,0,0,0.082,0,0,0,0,0,0,0,0,0,0,0,0,0,0,0,0,0,0,0,0,0,0,,0.996,1,1,1,0.993,1,1,1,1,1,0.897,1,1,1,1,1,1,1,1,1,1,1,1,1,1,1,1,1,1,1,1,1,1,1,1,1,1,1,1,1,1,1,1,1,1,1,1,1,1,1,1,1,1,1,1,1,1,1,1,1,1,1,1,1,1,1,1,1,1,1,1,1,1,1,1,1,1,1,1,1,1,1,1,1,1,1,1,1,1,1,1,1,0.918,1,1,1,1,1,1,1,1,1,1,1,1,1,1,1,1,1,1,1,1,1,1
0.001,0,0.06,0,0.001,0,0,0,0,0,0.021,0,0,0,0,0,0,0,0.04,0,0,0,0.046,0,0,0,0,0,0,0,0,0,0,0,0,0,0,0,0,0,0,0,0,0,0,0,0,0,0.023,0,0,0,0,0,0,0,0,0,0,0,0,0,0,0,0,0,0,0,0,0,0,0,0,0,0,0,0,0,0,0.073,0,0.018,0,0,0.044,0.033,0,0,0,0.037,0,0.082,0,0,0,0,0,0,0,0,0,0,0,0.061,0,0,0,0,0,0,0,0.02,0,0,0,,0.999,1,0.94,1,0.999,1,1,1,1,1,0.979,1,1,1,1,1,1,1,0.96,1,1,1,0.954,1,1,1,1,1,1,1,1,1,1,1,1,1,1,1,1,1,1,1,1,1,1,1,1,1,0.977,1,1,1,1,1,1,1,1,1,1,1,1,1,1,1,1,1,1,1,1,1,1,1,1,1,1,1,1,1,1,0.927,1,0.982,1,1,0.956,0.967,1,1,1,0.963,1,0.918,1,1,1,1,1,1,1,1,1,1,1,0.939,1,1,1,1,1,1,1,0.98,1,1,1
0,0.115,0.075,0.089,0,0,0,0.153,0.073,0,0,0.031,0.041,0,0.173,0.08,0,0.088,0,0,0.056,0.054,0,0,0,0,0,0.095,0,0,0,0,0,0,0.1,0,0,0,0.04,0,0,0,0,0,0.056,0,0,0,0.064,0,0,0,0,0,0,0,0,0,0,0,0,0,0,0,0,0,0,0,0,0,0.045,0,0,0,0,0,0,0,0,0,0,0.045,0,0.087,0.044,0,0,0.092,0,0,0,0,0,0,0,0,0.068,0.085,0,0,0,0,0,0,0,0,0,0,0.038,0,0,0.038,0,0,0,,1,0.885,0.925,0.911,1,1,1,0.847,0.927,1,1,0.969,0.959,1,0.827,0.92,1,0.912,1,1,0.944,0.946,1,1,1,1,1,0.905,1,1,1,1,1,1,0.9,1,1,1,0.96,1,1,1,1,1,0.944,1,1,1,0.936,1,1,1,1,1,1,1,1,1,1,1,1,1,1,1,1,1,1,1,1,1,0.955,1,1,1,1,1,1,1,1,1,1,0.955,1,0.913,0.956,1,1,0.908,1,1,1,1,1,1,1,1,0.932,0.915,1,1,1,1,1,1,1,1,1,1,0.962,1,1,0.962,1,1,1
0,0,0,0,0.902,0.919,0.857,0,0,0.873,0,0,0,0.828,0,0,0,0,0,0,0,0,0,0,0,0.756,0,0,0.756,0.35,0.35,0.828,0.808,0,0,0,0,0.908,0,0.828,0.828,0.756,0,0,0,0,0.803,0,0,0,0,0,0,0,0.907,0.756,0,0.824,0.491,0.579,0.326,0.847,0.756,0.7,0.828,0.537,0.828,0,0,0,0,0.923,0.857,0,0,0.756,0.683,0.857,0.766,0,0,0,0,0,0,0,0,0,0.756,0,0,0,0,0,0,0.902,0,0,0,0,0.247,0,0,0,0,0.867,0.756,0.873,0,0.756,0.879,0,0,0,0.898,,1,1,1,1,0.098,0.081,0.143,1,1,0.127,1,1,1,0.172,1,1,1,1,1,1,1,1,1,1,1,0.244,1,1,0.244,0.65,0.65,0.172,0.192,1,1,1,1,0.092,1,0.172,0.172,0.244,1,1,1,1,0.197,1,1,1,1,1,1,1,0.093,0.244,1,0.176,0.509,0.421,0.674,0.153,0.244,0.3,0.172,0.463,0.172,1,1,1,1,0.077,0.143,1,1,0.244,0.317,0.143,0.234,1,1,1,1,1,1,1,1,1,0.244,1,1,1,1,1,1,0.098,1,1,1,1,0.753,1,1,1,1,0.133,0.244,0.127,1,0.244,0.121,1,1,1,0.102
0,0.002,0,0.024,0.953,0.968,0.902,0,0,0.919,0,0,0,0.873,0,0,0,0,0,0,0.001,0,0,0,0,0.796,0,0,0.796,0.37,0.368,0.872,0.872,0,0,0,0,0.966,0,0.872,0.872,0.796,0,0,0,0,0.847,0,0.005,0,0,0,0,0,0.955,0.796,0,0.9,0.519,0.682,0.405,0.9,0.796,0.758,0.872,0.653,0.873,0,0,0,0,0.971,0.902,0.027,0,0.796,0.776,0.903,0.831,0,0,0.006,0,0.014,0,0,0,0,0.796,0,0,0,0,0,0.902,0,0,0,0,0,0.296,0,0,0,0,0.919,0.796,0.919,0,0.796,0.925,0.015,0,0,0.945,,1,0.998,1,0.976,0.047,0.032,0.098,1,1,0.081,1,1,1,0.127,1,1,1,1,1,1,0.999,1,1,1,1,0.204,1,1,0.204,0.63,0.632,0.128,0.128,1,1,1,1,0.034,1,0.128,0.128,0.204,1,1,1,1,0.153,1,0.995,1,1,1,1,1,0.045,0.204,1,0.1,0.481,0.318,0.595,0.1,0.204,0.242,0.128,0.347,0.127,1,1,1,1,0.029,0.098,0.973,1,0.204,0.224,0.097,0.169,1,1,0.994,1,0.986,1,1,1,1,0.204,1,1,1,1,1,0.098,1,1,1,1,1,0.704,1,1,1,1,0.081,0.204,0.081,1,0.204,0.075,0.985,1,1,0.055
0,0.235,0.13,0,0,0,0,0.263,0.093,0,0,0.094,0.053,0,0.064,0,0,0.125,0,0,0.04,0,0.099,0.069,0.054,0,0.198,0.081,0,0,0,0,0,0,0.118,0,0,0,0.051,0,0,0,0.039,0,0.048,0,0,0,0.028,0,0,0,0,0,0,0,0,0,0,0,0,0,0,0,0,0,0,0,0,0,0.097,0,0,0,0,0,0,0,0,0,0,0.068,0,0.045,0.255,0.054,0,0.118,0,0,0,0,0,0.068,0,0,0,0.027,0,0,0.053,0,0,0,0,0,0,0,0,0,0,0,0,0.06,0,,1,0.765,0.87,1,1,1,1,0.737,0.907,1,1,0.906,0.947,1,0.936,1,1,0.875,1,1,0.96,1,0.901,0.931,0.946,1,0.802,0.919,1,1,1,1,1,1,0.882,1,1,1,0.949,1,1,1,0.961,1,0.952,1,1,1,0.972,1,1,1,1,1,1,1,1,1,1,1,1,1,1,1,1,1,1,1,1,1,0.903,1,1,1,1,1,1,1,1,1,1,0.932,1,0.955,0.745,0.946,1,0.882,1,1,1,1,1,0.932,1,1,1,0.973,1,1,0.947,1,1,1,1,1,1,1,1,1,1,1,1,0.94,1
0.064,0.069,0,0.03,0,0,0,0.062,0.029,0,0,0,0.017,0,0.03,0,0,0.041,0,0,0.165,0,0.023,0,0,0,0,0.064,0,0,0,0,0.003,0,0.041,0,0,0,0.024,0,0,0,0,0,0,0,0.001,0,0.043,0,0,0,0,0,0,0,0,0,0,0,0,0,0,0,0,0.002,0,0.019,0,0,0.018,0,0,0,0,0,0.001,0,0,0,0,0.018,0,0.113,0.022,0,0,0.037,0,0,0,0,0,0.085,0,0,0.027,0,0,0,0,0,0,0,0,0,0,0,0,0,0,0.086,0.023,0.019,0,,0.936,0.931,1,0.97,1,1,1,0.938,0.971,1,1,1,0.983,1,0.97,1,1,0.959,1,1,0.835,1,0.977,1,1,1,1,0.936,1,1,1,1,0.997,1,0.959,1,1,1,0.976,1,1,1,1,1,1,1,0.999,1,0.957,1,1,1,1,1,1,1,1,1,1,1,1,1,1,1,1,0.998,1,0.981,1,1,0.982,1,1,1,1,1,0.999,1,1,1,1,0.982,1,0.887,0.978,1,1,0.963,1,1,1,1,1,0.915,1,1,0.973,1,1,1,1,1,1,1,1,1,1,1,1,1,1,0.914,0.977,0.981,1
0,0,0,0,0,0,0,0,0,0,0,0,0,0,0,0,0,0,0,0,0,0,0,0,0,0,0,0,0,0,0,0,0,0,0,0,0,0,0,0,0,0,0,0,0,0,0,0,0,0,0,0,0,0,0,0,0,0,0,0,0,0,0,0,0,0,0,0,0,0,0,0,0,0,0,0,0,0,0,0,0,0,0,0,0,0,0,0,0,0,0,0,0,0,0,0,0,0,0,0,0,0,0,0,0,0,0,0,0,0,0,0,0,0,0,,1,1,1,1,1,1,1,1,1,1,1,1,1,1,1,1,1,1,1,1,1,1,1,1,1,1,1,1,1,1,1,1,1,1,1,1,1,1,1,1,1,1,1,1,1,1,1,1,1,1,1,1,1,1,1,1,1,1,1,1,1,1,1,1,1,1,1,1,1,1,1,1,1,1,1,1,1,1,1,1,1,1,1,1,1,1,1,1,1,1,1,1,1,1,1,1,1,1,1,1,1,1,1,1,1,1,1,1,1,1,1,1,1,1,1
0,0,0,0,0,0,0,0,0,0,0,0,0,0,0,0,0,0,0,0,0,0,0,0,0,0,0,0,0,0,0,0,0,0,0,0,0,0,0,0,0,0,0,0,0,0,0,0,0,0,0,0,0,0,0,0,0,0,0,0,0,0,0,0,0,0,0,0,0,0,0,0,0,0,0,0,0,0,0,0,0,0,0,0,0,0,0,0,0,0,0,0,0,0,0,0,0,0,0,0,0,0,0,0,0,0,0,0,0,0,0,0,0,0,0,,1,1,1,1,1,1,1,1,1,1,1,1,1,1,1,1,1,1,1,1,1,1,1,1,1,1,1,1,1,1,1,1,1,1,1,1,1,1,1,1,1,1,1,1,1,1,1,1,1,1,1,1,1,1,1,1,1,1,1,1,1,1,1,1,1,1,1,1,1,1,1,1,1,1,1,1,1,1,1,1,1,1,1,1,1,1,1,1,1,1,1,1,1,1,1,1,1,1,1,1,1,1,1,1,1,1,1,1,1,1,1,1,1,1,1
0,0.021,0,0,0.265,0.265,0.247,0,0,0.252,0,0,0,0.239,0,0,0,0.015,0,0,0.022,0,0.134,0,0,0.218,0,0,0.218,0.101,0.101,0.239,0.257,0,0.117,0,0,0.262,0,0.239,0.239,0.218,0.052,0,0.065,0,0.232,0,0.017,0,0,0,0,0,0.262,0.218,0,0.284,0.142,0.274,0.188,0.245,0.218,0.202,0.239,0.227,0.239,0,0,0,0,0.266,0.247,0,0,0.218,0.211,0.247,0.221,0,0,0,0,0.041,0.128,0,0,0,0.218,0,0,0,0,0,0.247,0.296,0.053,0,0,0,0,0,0,0,0,0.25,0.218,0.252,0,0.218,0.254,0,0,0.055,0.259,,1,0.979,1,1,0.735,0.735,0.753,1,1,0.748,1,1,1,0.761,1,1,1,0.985,1,1,0.978,1,0.866,1,1,0.782,1,1,0.782,0.899,0.899,0.761,0.743,1,0.883,1,1,0.738,1,0.761,0.761,0.782,0.948,1,0.935,1,0.768,1,0.983,1,1,1,1,1,0.738,0.782,1,0.716,0.858,0.726,0.812,0.755,0.782,0.798,0.761,0.773,0.761,1,1,1,1,0.734,0.753,1,1,0.782,0.789,0.753,0.779,1,1,1,1,0.959,0.872,1,1,1,0.782,1,1,1,1,1,0.753,0.704,0.947,1,1,1,1,1,1,1,1,0.75,0.782,0.748,1,0.782,0.746,1,1,0.945,0.741
0,0,0,0,0,0,0,0,0,0,0,0,0,0,0,0,0,0,0,0,0,0,0,0,0,0,0,0,0,0,0,0,0,0,0,0,0,0,0,0,0,0,0,0,0,0,0,0,0,0,0,0,0,0,0,0,0,0,0,0,0,0,0,0,0,0,0,0,0,0,0,0,0,0,0,0,0,0,0,0,0,0,0,0,0,0,0,0,0,0,0,0,0,0,0,0,0,0,0,0,0,0,0,0,0,0,0,0,0,0,0,0,0,0,0,,1,1,1,1,1,1,1,1,1,1,1,1,1,1,1,1,1,1,1,1,1,1,1,1,1,1,1,1,1,1,1,1,1,1,1,1,1,1,1,1,1,1,1,1,1,1,1,1,1,1,1,1,1,1,1,1,1,1,1,1,1,1,1,1,1,1,1,1,1,1,1,1,1,1,1,1,1,1,1,1,1,1,1,1,1,1,1,1,1,1,1,1,1,1,1,1,1,1,1,1,1,1,1,1,1,1,1,1,1,1,1,1,1,1,1
0,0,0,0,0,0,0,0,0,0,0,0,0,0,0,0,0,0,0,0,0,0,0,0,0,0,0,0,0,0,0,0,0,0,0,0,0,0,0,0,0,0,0,0,0,0,0,0,0,0,0,0,0,0,0,0,0,0,0,0,0,0,0,0,0,0,0,0,0,0,0,0,0,0,0,0,0,0,0,0,0,0,0,0,0,0,0,0,0,0,0,0,0,0,0,0,0,0,0,0,0,0,0,0,0,0,0,0,0,0,0,0,0,0,0,,1,1,1,1,1,1,1,1,1,1,1,1,1,1,1,1,1,1,1,1,1,1,1,1,1,1,1,1,1,1,1,1,1,1,1,1,1,1,1,1,1,1,1,1,1,1,1,1,1,1,1,1,1,1,1,1,1,1,1,1,1,1,1,1,1,1,1,1,1,1,1,1,1,1,1,1,1,1,1,1,1,1,1,1,1,1,1,1,1,1,1,1,1,1,1,1,1,1,1,1,1,1,1,1,1,1,1,1,1,1,1,1,1,1,1
0,0,0.027,0,0,0,0,0,0,0,0,0,0,0,0,0,0,0,0,0,0,0,0,0.015,0,0,0,0,0,0,0,0,0,0.059,0,0,0.026,0,0,0,0,0,0,0,0,0,0,0,0.052,0,0,0,0,0,0,0,0.018,0,0,0,0,0,0,0,0,0,0,0,0,0,0,0,0,0,0,0,0,0,0,0.033,0,0,0,0,0,0,0,0,0,0,0,0,0.061,0,0,0,0,0,0,0,0,0,0,0,0,0,0,0,0,0,0,0,0,0,0.01,,1,1,0.973,1,1,1,1,1,1,1,1,1,1,1,1,1,1,1,1,1,1,1,1,0.985,1,1,1,1,1,1,1,1,1,0.941,1,1,0.974,1,1,1,1,1,1,1,1,1,1,1,0.948,1,1,1,1,1,1,1,0.982,1,1,1,1,1,1,1,1,1,1,1,1,1,1,1,1,1,1,1,1,1,1,0.967,1,1,1,1,1,1,1,1,1,1,1,1,0.939,1,1,1,1,1,1,1,1,1,1,1,1,1,1,1,1,1,1,1,1,1,0.99
0,0,0,0,0,0,0,0,0,0,0,0,0,0,0,0,0,0,0,0,0,0,0,0,0,0,0,0,0,0,0,0,0,0,0,0,0,0,0,0,0,0,0,0,0,0,0,0,0,0,0,0,0,0,0,0,0,0,0,0,0,0,0,0,0,0,0,0,0,0,0,0,0,0,0,0,0,0,0,0,0,0,0,0,0,0,0,0,0,0,0,0,0,0,0,0,0,0,0,0,0,0,0,0,0,0,0,0,0,0,0,0,0,0,0,,1,1,1,1,1,1,1,1,1,1,1,1,1,1,1,1,1,1,1,1,1,1,1,1,1,1,1,1,1,1,1,1,1,1,1,1,1,1,1,1,1,1,1,1,1,1,1,1,1,1,1,1,1,1,1,1,1,1,1,1,1,1,1,1,1,1,1,1,1,1,1,1,1,1,1,1,1,1,1,1,1,1,1,1,1,1,1,1,1,1,1,1,1,1,1,1,1,1,1,1,1,1,1,1,1,1,1,1,1,1,1,1,1,1,1
0,0,0,0.012,0.913,0.93,0.867,0,0,0.883,0,0,0,0.838,0,0,0,0,0,0,0,0,0,0,0,0.765,0,0,0.765,0.354,0.354,0.838,0.818,0,0,0,0,0.921,0,0.838,0.838,0.765,0,0,0,0,0.813,0,0,0,0,0,0,0,0.918,0.765,0,0.841,0.497,0.586,0.329,0.857,0.765,0.708,0.838,0.545,0.838,0,0,0,0,0.934,0.867,0,0,0.765,0.698,0.867,0.853,0,0,0,0,0,0,0,0,0,0.765,0,0,0,0,0,0.867,0.919,0,0,0,0,0.25,0,0,0,0,0,0.765,0.883,0,0.765,0.889,0,0,0,0.909,,1,1,1,0.988,0.087,0.07,0.133,1,1,0.117,1,1,1,0.162,1,1,1,1,1,1,1,1,1,1,1,0.235,1,1,0.235,0.646,0.646,0.162,0.182,1,1,1,1,0.079,1,0.162,0.162,0.235,1,1,1,1,0.187,1,1,1,1,1,1,1,0.082,0.235,1,0.159,0.503,0.414,0.671,0.143,0.235,0.292,0.162,0.455,0.162,1,1,1,1,0.066,0.133,1,1,0.235,0.302,0.133,0.147,1,1,1,1,1,1,1,1,1,0.235,1,1,1,1,1,0.133,0.081,1,1,1,1,0.75,1,1,1,1,1,0.235,0.117,1,0.235,0.111,1,1,1,0.091
0,0,0,0,0.796,0.811,0.756,0,0,0.77,0,0,0,0.73,0,0,0,0,0,0,0,0,0,0,0,0.667,0,0,0.667,0.309,0.309,0.73,0.713,0,0,0,0,0.801,0,0.73,0.73,0.667,0,0,0,0,0.708,0,0,0,0,0,0,0,0.8,0.667,0,0.727,0.433,0.511,0.287,0.747,0.667,0.617,0.73,0.474,0.73,0,0,0,0,0.814,0.882,0,0,0.667,0.602,0.756,0.676,0,0,0,0,0,0,0,0,0,0.667,0,0,0,0,0,0.756,0.796,0,0,0,0,0.218,0,0,0,0,0.765,0,0.77,0,0.667,0.775,0,0,0,0.792,,1,1,1,1,0.204,0.189,0.244,1,1,0.23,1,1,1,0.27,1,1,1,1,1,1,1,1,1,1,1,0.333,1,1,0.333,0.691,0.691,0.27,0.287,1,1,1,1,0.199,1,0.27,0.27,0.333,1,1,1,1,0.292,1,1,1,1,1,1,1,0.2,0.333,1,0.273,0.567,0.489,0.713,0.253,0.333,0.383,0.27,0.526,0.27,1,1,1,1,0.186,0.118,1,1,0.333,0.398,0.244,0.324,1,1,1,1,1,1,1,1,1,0.333,1,1,1,1,1,0.244,0.204,1,1,1,1,0.782,1,1,1,1,0.235,1,0.23,1,0.333,0.225,1,1,1,0.208
0,0,0,0,0.919,0.936,0.873,0,0,0.889,0,0,0,0.843,0,0,0,0,0,0,0,0,0,0,0,0.77,0,0,0.77,0.356,0.356,0.843,0.823,0,0,0,0,0.925,0,0.843,0.843,0.77,0,0,0,0,0.818,0,0,0,0,0,0,0,0.924,0.77,0,0.839,0.5,0.59,0.332,0.863,0.77,0.713,0.843,0.547,0.843,0,0,0,0,0.94,0.873,0,0,0.77,0.696,0.873,0.78,0,0,0,0,0,0,0,0,0,0.77,0,0,0,0,0,0.873,0.919,0,0,0,0,0.252,0,0,0,0,0.883,0.77,0,0,0.77,0.895,0,0,0,0.915,,1,1,1,1,0.081,0.064,0.127,1,1,0.111,1,1,1,0.157,1,1,1,1,1,1,1,1,1,1,1,0.23,1,1,0.23,0.644,0.644,0.157,0.177,1,1,1,1,0.075,1,0.157,0.157,0.23,1,1,1,1,0.182,1,1,1,1,1,1,1,0.076,0.23,1,0.161,0.5,0.41,0.668,0.137,0.23,0.287,0.157,0.453,0.157,1,1,1,1,0.06,0.127,1,1,0.23,0.304,0.127,0.22,1,1,1,1,1,1,1,1,1,0.23,1,1,1,1,1,0.127,0.081,1,1,1,1,0.748,1,1,1,1,0.117,0.23,1,1,0.23,0.105,1,1,1,0.085
0,0,0.054,0,0,0,0,0,0,0,0,0,0.03,0,0,0.343,0,0,0,0,0,0.663,0,0,0,0,0,0,0,0,0,0,0,0,0,0,0,0,0,0,0,0,0.032,0,0.04,0,0,0,0.036,0,0,0,0,0,0,0,0,0,0,0,0,0,0,0,0,0,0,0,0,0.025,0,0,0,0,0,0,0,0,0,0,0,0,0,0.013,0,0,0,0,0,0,0,0,0,0.038,0,0,0,0,0,0,0,0,0,0,0,0,0,0,0,0,0,0,0,0,0,,1,1,0.946,1,1,1,1,1,1,1,1,1,0.97,1,1,0.657,1,1,1,1,1,0.337,1,1,1,1,1,1,1,1,1,1,1,1,1,1,1,1,1,1,1,1,0.968,1,0.96,1,1,1,0.964,1,1,1,1,1,1,1,1,1,1,1,1,1,1,1,1,1,1,1,1,0.975,1,1,1,1,1,1,1,1,1,1,1,1,1,0.987,1,1,1,1,1,1,1,1,1,0.962,1,1,1,1,1,1,1,1,1,1,1,1,1,1,1,1,1,1,1,1,1
0,0,0,0,0.796,0.811,0.756,0,0,0.77,0,0,0,0.73,0,0,0,0,0,0,0,0,0,0,0,0.667,0,0,0.667,0.309,0.309,0.73,0.713,0,0,0,0,0.801,0,0.73,0.913,0.667,0,0,0,0,0.708,0,0,0,0,0,0,0,0.8,0.667,0,0.727,0.433,0.511,0.287,0.747,0.667,0.617,0.73,0.474,0.73,0,0,0,0,0.814,0.756,0,0,0.667,0.602,0.756,0.676,0,0,0,0,0,0,0,0,0,0.667,0,0,0,0,0,0.756,0.796,0,0,0,0,0.218,0,0,0,0,0.765,0.667,0.77,0,0,0.775,0,0,0,0.792,,1,1,1,1,0.204,0.189,0.244,1,1,0.23,1,1,1,0.27,1,1,1,1,1,1,1,1,1,1,1,0.333,1,1,0.333,0.691,0.691,0.27,0.287,1,1,1,1,0.199,1,0.27,0.087,0.333,1,1,1,1,0.292,1,1,1,1,1,1,1,0.2,0.333,1,0.273,0.567,0.489,0.713,0.253,0.333,0.383,0.27,0.526,0.27,1,1,1,1,0.186,0.244,1,1,0.333,0.398,0.244,0.324,1,1,1,1,1,1,1,1,1,0.333,1,1,1,1,1,0.244,0.204,1,1,1,1,0.782,1,1,1,1,0.235,0.333,0.23,1,1,0.225,1,1,1,0.208
0,0,0,0,0.925,0.942,0.879,0,0,0.895,0,0,0,0.849,0,0,0,0,0,0,0,0,0,0,0,0.775,0,0,0.775,0.359,0.359,0.849,0.829,0,0,0,0,0.931,0,0.849,0.849,0.775,0,0,0,0,0.823,0,0,0,0,0,0,0,0.93,0.775,0,0.845,0.503,0.594,0.334,0.868,0.775,0.717,0.849,0.551,0.849,0,0,0,0,0.946,0.879,0,0,0.775,0.7,0.879,0.786,0,0,0,0,0,0,0,0,0,0.775,0,0,0,0,0,0.879,0.925,0,0,0,0,0.254,0,0,0,0,0.889,0.775,0.895,0,0.775,0,0,0,0,0.921,,1,1,1,1,0.075,0.058,0.121,1,1,0.105,1,1,1,0.151,1,1,1,1,1,1,1,1,1,1,1,0.225,1,1,0.225,0.641,0.641,0.151,0.171,1,1,1,1,0.069,1,0.151,0.151,0.225,1,1,1,1,0.177,1,1,1,1,1,1,1,0.07,0.225,1,0.155,0.497,0.406,0.666,0.132,0.225,0.283,0.151,0.449,0.151,1,1,1,1,0.054,0.121,1,1,0.225,0.3,0.121,0.214,1,1,1,1,1,1,1,1,1,0.225,1,1,1,1,1,0.121,0.075,1,1,1,1,0.746,1,1,1,1,0.111,0.225,0.105,1,0.225,1,1,1,1,0.079
0.065,0.021,0.036,0.145,0.003,0,0,0,0,0,0.006,0.007,0,0,0.012,0,0,0.003,0,0,0.146,0,0.007,0,0,0,0,0.015,0,0,0,0,0.043,0,0.012,0.016,0,0.048,0.009,0,0,0,0,0,0,0,0.01,0,0.043,0,0,0,0,0,0,0,0.006,0.011,0,0.016,0.019,0.042,0,0.103,0,0.039,0,0,0,0,0,0,0,0.133,0,0,0.102,0,0.045,0,0,0.049,0,0.159,0.003,0.01,0,0.011,0,0,0,0,0.02,0.038,0,0.015,0,0.086,0,0,0,0,0,0,0,0,0,0,0,0,0,0,0.054,0.011,0,,0.935,0.979,0.964,0.855,0.997,1,1,1,1,1,0.994,0.993,1,1,0.988,1,1,0.997,1,1,0.854,1,0.993,1,1,1,1,0.985,1,1,1,1,0.957,1,0.988,0.984,1,0.952,0.991,1,1,1,1,1,1,1,0.99,1,0.957,1,1,1,1,1,1,1,0.994,0.989,1,0.984,0.981,0.958,1,0.897,1,0.961,1,1,1,1,1,1,1,0.867,1,1,0.898,1,0.955,1,1,0.951,1,0.841,0.997,0.99,1,0.989,1,1,1,1,0.98,0.962,1,0.985,1,0.914,1,1,1,1,1,1,1,1,1,1,1,1,1,1,0.946,0.989,1
0,0.055,0,0.032,0,0,0,0,0,0,0,0,0,0,0.04,0,0,0.047,0,0,0.02,0,0.015,0,0,0,0,0,0,0,0,0,0,0,0.013,0.26,0,0,0.011,0,0,0,0,0,0,0,0,0,0.035,0,0,0,0,0,0,0,0.095,0,0,0,0.009,0,0,0,0,0.001,0,0,0,0,0,0,0,0,0,0,0.001,0,0,0,0,0.183,0,0.047,0.006,0,0,0,0,0,0,0,0,0,0,0,0,0.023,0,0,0,0,0,0,0,0,0,0,0,0,0,0.054,0,0,0,,1,0.945,1,0.968,1,1,1,1,1,1,1,1,1,1,0.96,1,1,0.953,1,1,0.98,1,0.985,1,1,1,1,1,1,1,1,1,1,1,0.987,0.74,1,1,0.989,1,1,1,1,1,1,1,1,1,0.965,1,1,1,1,1,1,1,0.905,1,1,1,0.991,1,1,1,1,0.999,1,1,1,1,1,1,1,1,1,1,0.999,1,1,1,1,0.817,1,0.953,0.994,1,1,1,1,1,1,1,1,1,1,1,1,0.977,1,1,1,1,1,1,1,1,1,1,1,1,1,0.946,1,1,1
0,0.022,0,0.106,0,0,0,0,0,0,0,0,0,0,0,0,0,0.011,0,0,0.017,0,0.102,0,0,0,0,0,0,0,0,0,0,0,0.067,0,0,0.005,0,0,0,0,0.04,0,0.05,0,0.043,0,0.032,0,0,0,0,0,0,0,0,0,0,0,0,0,0,0,0,0,0,0,0,0,0,0,0,0,0,0,0,0,0.068,0,0,0.02,0,0.062,0.098,0.112,0,0,0,0,0,0,0,0,0,0,0.06,0.019,0,0,0.055,0,0,0,0,0,0,0,0,0,0,0.011,0,0,0,,1,0.978,1,0.894,1,1,1,1,1,1,1,1,1,1,1,1,1,0.989,1,1,0.983,1,0.898,1,1,1,1,1,1,1,1,1,1,1,0.933,1,1,0.995,1,1,1,1,0.96,1,0.95,1,0.957,1,0.968,1,1,1,1,1,1,1,1,1,1,1,1,1,1,1,1,1,1,1,1,1,1,1,1,1,1,1,1,1,0.932,1,1,0.98,1,0.938,0.902,0.888,1,1,1,1,1,1,1,1,1,1,0.94,0.981,1,1,0.945,1,1,1,1,1,1,1,1,1,1,0.989,1,1,1
0,0.004,0,0,0.946,0.963,0.898,0,0,0.915,0,0,0,0.868,0.013,0,0,0,0,0,0,0,0,0.011,0,0.792,0,0,0.792,0.367,0.367,0.868,0.847,0.021,0.053,0,0,0.952,0,0.868,0.868,0.792,0.012,0,0,0,0.842,0,0.002,0,0,0,0,0,0.951,0.792,0,0.863,0.514,0.607,0.341,0.888,0.792,0.733,0.868,0.563,0.868,0,0,0,0,0.967,0.898,0,0,0.792,0.718,0.898,0.803,0.012,0,0,0,0,0,0,0,0.012,0.792,0,0,0,0,0,0.898,0.945,0,0,0,0,0.259,0,0,0.01,0,0.909,0.792,0.915,0,0.792,0.921,0,0,0,0,,1,0.996,1,1,0.054,0.037,0.102,1,1,0.085,1,1,1,0.132,0.987,1,1,1,1,1,1,1,1,0.989,1,0.208,1,1,0.208,0.633,0.633,0.132,0.153,0.979,0.947,1,1,0.048,1,0.132,0.132,0.208,0.988,1,1,1,0.158,1,0.998,1,1,1,1,1,0.049,0.208,1,0.137,0.486,0.393,0.659,0.112,0.208,0.267,0.132,0.437,0.132,1,1,1,1,0.033,0.102,1,1,0.208,0.282,0.102,0.197,0.988,1,1,1,1,1,1,1,0.988,0.208,1,1,1,1,1,0.102,0.055,1,1,1,1,0.741,1,1,0.99,1,0.091,0.208,0.085,1,0.208,0.079,1,1,1,1
